game_id,commence_time,home_team,away_team,game,bookmaker,bookmaker_title,market,market_std,player,name,price,point,last_update
50bc247030707d823b9c3581d7eb5760,2026-09-21T00:20:00Z,Kansas City Chiefs,Indianapolis Colts,Indianapolis Colts @ Kansas City Chiefs,draftkings,DraftKings,player_pass_attempts,player_pass_attempts,Daniel Jones,Over,-116,31.5,2026-09-20T20:43:01Z
50bc247030707d823b9c3581d7eb5760,2026-09-21T00:20:00Z,Kansas City Chiefs,Indianapolis Colts,Indianapolis Colts @ Kansas City Chiefs,draftkings,DraftKings,player_pass_attempts,player_pass_attempts,Daniel Jones,Under,-110,31.5,2026-09-20T20:43:01Z
50bc247030707d823b9c3581d7eb5760,2026-09-21T00:20:00Z,Kansas City Chiefs,Indianapolis Colts,Indianapolis Colts @ Kansas City Chiefs,draftkings,DraftKings,player_pass_attempts,player_pass_attempts,Patrick Mahomes,Over,-124,30.5,2026-09-20T20:43:01Z
50bc247030707d823b9c3581d7eb5760,2026-09-21T00:20:00Z,Kansas City Chiefs,Indianapolis Colts,Indianapolis Colts @ Kansas City Chiefs,draftkings,DraftKings,player_pass_attempts,player_pass_attempts,Patrick Mahomes,Under,-103,30.5,2026-09-20T20:43:01Z
50bc247030707d823b9c3581d7eb5760,2026-09-21T00:20:00Z,Kansas City Chiefs,Indianapolis Colts,Indianapolis Colts @ Kansas City Chiefs,draftkings,DraftKings,player_receptions,player_receptions,Tyler Warren,Over,-139,4.5,2026-09-20T20:43:01Z
50bc247030707d823b9c3581d7eb5760,2026-09-21T00:20:00Z,Kansas City Chiefs,Indianapolis Colts,Indianapolis Colts @ Kansas City Chiefs,draftkings,DraftKings,player_receptions,player_receptions,Tyler Warren,Under,109,4.5,2026-09-20T20:43:01Z
50bc247030707d823b9c3581d7eb5760,2026-09-21T00:20:00Z,Kansas City Chiefs,Indianapolis Colts,Indianapolis Colts @ Kansas City Chiefs,draftkings,DraftKings,player_receptions,player_receptions,Rashee Rice,Over,-127,4.5,2026-09-20T20:43:01Z
50bc247030707d823b9c3581d7eb5760,2026-09-21T00:20:00Z,Kansas City Chiefs,Indianapolis Colts,Indianapolis Colts @ Kansas City Chiefs,draftkings,DraftKings,player_receptions,player_receptions,Rashee Rice,Under,100,4.5,2026-09-20T20:43:01Z
50bc247030707d823b9c3581d7eb5760,2026-09-21T00:20:00Z,Kansas City Chiefs,Indianapolis Colts,Indianapolis Colts @ Kansas City Chiefs,draftkings,DraftKings,player_receptions,player_receptions,Josh Downs,Over,126,4.5,2026-09-20T20:43:01Z
50bc247030707d823b9c3581d7eb5760,2026-09-21T00:20:00Z,Kansas City Chiefs,Indianapolis Colts,Indianapolis Colts @ Kansas City Chiefs,draftkings,DraftKings,player_receptions,player_receptions,Josh Downs,Under,-162,4.5,2026-09-20T20:43:01Z
50bc247030707d823b9c3581d7eb5760,2026-09-21T00:20:00Z,Kansas City Chiefs,Indianapolis Colts,Indianapolis Colts @ Kansas City Chiefs,draftkings,DraftKings,player_receptions,player_receptions,Travis Kelce,Over,-139,3.5,2026-09-20T20:43:01Z
50bc247030707d823b9c3581d7eb5760,2026-09-21T00:20:00Z,Kansas City Chiefs,Indianapolis Colts,Indianapolis Colts @ Kansas City Chiefs,draftkings,DraftKings,player_receptions,player_receptions,Travis Kelce,Under,109,3.5,2026-09-20T20:43:01Z
50bc247030707d823b9c3581d7eb5760,2026-09-21T00:20:00Z,Kansas City Chiefs,Indianapolis Colts,Indianapolis Colts @ Kansas City Chiefs,draftkings,DraftKings,player_receptions,player_receptions,Keenan Allen,Over,-128,3.5,2026-09-20T20:43:01Z
50bc247030707d823b9c3581d7eb5760,2026-09-21T00:20:00Z,Kansas City Chiefs,Indianapolis Colts,Indianapolis Colts @ Kansas City Chiefs,draftkings,DraftKings,player_receptions,player_receptions,Keenan Allen,Under,101,3.5,2026-09-20T20:43:01Z
50bc247030707d823b9c3581d7eb5760,2026-09-21T00:20:00Z,Kansas City Chiefs,Indianapolis Colts,Indianapolis Colts @ Kansas City Chiefs,draftkings,DraftKings,player_receptions,player_receptions,Xavier Worthy,Over,101,3.5,2026-09-20T20:43:01Z
50bc247030707d823b9c3581d7eb5760,2026-09-21T00:20:00Z,Kansas City Chiefs,Indianapolis Colts,Indianapolis Colts @ Kansas City Chiefs,draftkings,DraftKings,player_receptions,player_receptions,Xavier Worthy,Under,-129,3.5,2026-09-20T20:43:01Z
50bc247030707d823b9c3581d7eb5760,2026-09-21T00:20:00Z,Kansas City Chiefs,Indianapolis Colts,Indianapolis Colts @ Kansas City Chiefs,draftkings,DraftKings,player_receptions,player_receptions,Kenneth Walker III,Over,124,3.5,2026-09-20T20:43:01Z
50bc247030707d823b9c3581d7eb5760,2026-09-21T00:20:00Z,Kansas City Chiefs,Indianapolis Colts,Indianapolis Colts @ Kansas City Chiefs,draftkings,DraftKings,player_receptions,player_receptions,Kenneth Walker III,Under,-159,3.5,2026-09-20T20:43:01Z
50bc247030707d823b9c3581d7eb5760,2026-09-21T00:20:00Z,Kansas City Chiefs,Indianapolis Colts,Indianapolis Colts @ Kansas City Chiefs,draftkings,DraftKings,player_receptions,player_receptions,Alec Pierce,Over,-153,2.5,2026-09-20T20:43:01Z
50bc247030707d823b9c3581d7eb5760,2026-09-21T00:20:00Z,Kansas City Chiefs,Indianapolis Colts,Indianapolis Colts @ Kansas City Chiefs,draftkings,DraftKings,player_receptions,player_receptions,Alec Pierce,Under,119,2.5,2026-09-20T20:43:01Z
50bc247030707d823b9c3581d7eb5760,2026-09-21T00:20:00Z,Kansas City Chiefs,Indianapolis Colts,Indianapolis Colts @ Kansas City Chiefs,draftkings,DraftKings,player_receptions,player_receptions,Jonathan Taylor,Over,-121,2.5,2026-09-20T20:43:01Z
50bc247030707d823b9c3581d7eb5760,2026-09-21T00:20:00Z,Kansas City Chiefs,Indianapolis Colts,Indianapolis Colts @ Kansas City Chiefs,draftkings,DraftKings,player_receptions,player_receptions,Jonathan Taylor,Under,-106,2.5,2026-09-20T20:43:01Z
50bc247030707d823b9c3581d7eb5760,2026-09-21T00:20:00Z,Kansas City Chiefs,Indianapolis Colts,Indianapolis Colts @ Kansas City Chiefs,draftkings,DraftKings,player_receptions,player_receptions,Tyquan Thornton,Over,137,1.5,2026-09-20T20:43:01Z
50bc247030707d823b9c3581d7eb5760,2026-09-21T00:20:00Z,Kansas City Chiefs,Indianapolis Colts,Indianapolis Colts @ Kansas City Chiefs,draftkings,DraftKings,player_receptions,player_receptions,Tyquan Thornton,Under,-175,1.5,2026-09-20T20:43:01Z
50bc247030707d823b9c3581d7eb5760,2026-09-21T00:20:00Z,Kansas City Chiefs,Indianapolis Colts,Indianapolis Colts @ Kansas City Chiefs,draftkings,DraftKings,player_receptions,player_receptions,Noah Gray,Over,143,1.5,2026-09-20T20:43:01Z
50bc247030707d823b9c3581d7eb5760,2026-09-21T00:20:00Z,Kansas City Chiefs,Indianapolis Colts,Indianapolis Colts @ Kansas City Chiefs,draftkings,DraftKings,player_receptions,player_receptions,Noah Gray,Under,-183,1.5,2026-09-20T20:43:01Z
50bc247030707d823b9c3581d7eb5760,2026-09-21T00:20:00Z,Kansas City Chiefs,Indianapolis Colts,Indianapolis Colts @ Kansas City Chiefs,betonlineag,BetOnline.ag,player_pass_attempts,player_pass_attempts,Patrick Mahomes,Over,-125,30.5,2026-09-20T20:42:03Z
50bc247030707d823b9c3581d7eb5760,2026-09-21T00:20:00Z,Kansas City Chiefs,Indianapolis Colts,Indianapolis Colts @ Kansas City Chiefs,betonlineag,BetOnline.ag,player_pass_attempts,player_pass_attempts,Patrick Mahomes,Under,-103,30.5,2026-09-20T20:42:03Z
50bc247030707d823b9c3581d7eb5760,2026-09-21T00:20:00Z,Kansas City Chiefs,Indianapolis Colts,Indianapolis Colts @ Kansas City Chiefs,betonlineag,BetOnline.ag,player_pass_attempts,player_pass_attempts,Daniel Jones,Over,-118,31.5,2026-09-20T20:42:03Z
50bc247030707d823b9c3581d7eb5760,2026-09-21T00:20:00Z,Kansas City Chiefs,Indianapolis Colts,Indianapolis Colts @ Kansas City Chiefs,betonlineag,BetOnline.ag,player_pass_attempts,player_pass_attempts,Daniel Jones,Under,-110,31.5,2026-09-20T20:42:03Z
50bc247030707d823b9c3581d7eb5760,2026-09-21T00:20:00Z,Kansas City Chiefs,Indianapolis Colts,Indianapolis Colts @ Kansas City Chiefs,betonlineag,BetOnline.ag,player_receptions,player_receptions,Alec Pierce,Over,-156,2.5,2026-09-20T20:42:03Z
50bc247030707d823b9c3581d7eb5760,2026-09-21T00:20:00Z,Kansas City Chiefs,Indianapolis Colts,Indianapolis Colts @ Kansas City Chiefs,betonlineag,BetOnline.ag,player_receptions,player_receptions,Alec Pierce,Under,120,2.5,2026-09-20T20:42:03Z
50bc247030707d823b9c3581d7eb5760,2026-09-21T00:20:00Z,Kansas City Chiefs,Indianapolis Colts,Indianapolis Colts @ Kansas City Chiefs,betonlineag,BetOnline.ag,player_receptions,player_receptions,Tyler Warren,Over,-120,4.5,2026-09-20T20:42:03Z
50bc247030707d823b9c3581d7eb5760,2026-09-21T00:20:00Z,Kansas City Chiefs,Indianapolis Colts,Indianapolis Colts @ Kansas City Chiefs,betonlineag,BetOnline.ag,player_receptions,player_receptions,Tyler Warren,Under,-108,4.5,2026-09-20T20:42:03Z
50bc247030707d823b9c3581d7eb5760,2026-09-21T00:20:00Z,Kansas City Chiefs,Indianapolis Colts,Indianapolis Colts @ Kansas City Chiefs,betonlineag,BetOnline.ag,player_receptions,player_receptions,Xavier Worthy,Over,103,3.5,2026-09-20T20:42:03Z
50bc247030707d823b9c3581d7eb5760,2026-09-21T00:20:00Z,Kansas City Chiefs,Indianapolis Colts,Indianapolis Colts @ Kansas City Chiefs,betonlineag,BetOnline.ag,player_receptions,player_receptions,Xavier Worthy,Under,-133,3.5,2026-09-20T20:42:03Z
50bc247030707d823b9c3581d7eb5760,2026-09-21T00:20:00Z,Kansas City Chiefs,Indianapolis Colts,Indianapolis Colts @ Kansas City Chiefs,betonlineag,BetOnline.ag,player_receptions,player_receptions,Travis Kelce,Over,-145,3.5,2026-09-20T20:42:03Z
50bc247030707d823b9c3581d7eb5760,2026-09-21T00:20:00Z,Kansas City Chiefs,Indianapolis Colts,Indianapolis Colts @ Kansas City Chiefs,betonlineag,BetOnline.ag,player_receptions,player_receptions,Travis Kelce,Under,112,3.5,2026-09-20T20:42:03Z
50bc247030707d823b9c3581d7eb5760,2026-09-21T00:20:00Z,Kansas City Chiefs,Indianapolis Colts,Indianapolis Colts @ Kansas City Chiefs,betonlineag,BetOnline.ag,player_receptions,player_receptions,Keenan Allen,Over,-128,3.5,2026-09-20T20:42:03Z
50bc247030707d823b9c3581d7eb5760,2026-09-21T00:20:00Z,Kansas City Chiefs,Indianapolis Colts,Indianapolis Colts @ Kansas City Chiefs,betonlineag,BetOnline.ag,player_receptions,player_receptions,Keenan Allen,Under,-101,3.5,2026-09-20T20:42:03Z
50bc247030707d823b9c3581d7eb5760,2026-09-21T00:20:00Z,Kansas City Chiefs,Indianapolis Colts,Indianapolis Colts @ Kansas City Chiefs,betonlineag,BetOnline.ag,player_receptions,player_receptions,Tyquan Thornton,Over,139,1.5,2026-09-20T20:42:03Z
50bc247030707d823b9c3581d7eb5760,2026-09-21T00:20:00Z,Kansas City Chiefs,Indianapolis Colts,Indianapolis Colts @ Kansas City Chiefs,betonlineag,BetOnline.ag,player_receptions,player_receptions,Tyquan Thornton,Under,-182,1.5,2026-09-20T20:42:03Z
50bc247030707d823b9c3581d7eb5760,2026-09-21T00:20:00Z,Kansas City Chiefs,Indianapolis Colts,Indianapolis Colts @ Kansas City Chiefs,betonlineag,BetOnline.ag,player_receptions,player_receptions,Jonathan Taylor,Over,-120,2.5,2026-09-20T20:42:03Z
50bc247030707d823b9c3581d7eb5760,2026-09-21T00:20:00Z,Kansas City Chiefs,Indianapolis Colts,Indianapolis Colts @ Kansas City Chiefs,betonlineag,BetOnline.ag,player_receptions,player_receptions,Jonathan Taylor,Under,-108,2.5,2026-09-20T20:42:03Z
50bc247030707d823b9c3581d7eb5760,2026-09-21T00:20:00Z,Kansas City Chiefs,Indianapolis Colts,Indianapolis Colts @ Kansas City Chiefs,betonlineag,BetOnline.ag,player_receptions,player_receptions,Rashee Rice,Over,-130,4.5,2026-09-20T20:42:03Z
50bc247030707d823b9c3581d7eb5760,2026-09-21T00:20:00Z,Kansas City Chiefs,Indianapolis Colts,Indianapolis Colts @ Kansas City Chiefs,betonlineag,BetOnline.ag,player_receptions,player_receptions,Rashee Rice,Under,100,4.5,2026-09-20T20:42:03Z
50bc247030707d823b9c3581d7eb5760,2026-09-21T00:20:00Z,Kansas City Chiefs,Indianapolis Colts,Indianapolis Colts @ Kansas City Chiefs,betonlineag,BetOnline.ag,player_receptions,player_receptions,Kenneth Walker III,Over,124,3.5,2026-09-20T20:42:03Z
50bc247030707d823b9c3581d7eb5760,2026-09-21T00:20:00Z,Kansas City Chiefs,Indianapolis Colts,Indianapolis Colts @ Kansas City Chiefs,betonlineag,BetOnline.ag,player_receptions,player_receptions,Kenneth Walker III,Under,-161,3.5,2026-09-20T20:42:03Z
50bc247030707d823b9c3581d7eb5760,2026-09-21T00:20:00Z,Kansas City Chiefs,Indianapolis Colts,Indianapolis Colts @ Kansas City Chiefs,betonlineag,BetOnline.ag,player_receptions,player_receptions,Noah Gray,Over,146,1.5,2026-09-20T20:42:03Z
50bc247030707d823b9c3581d7eb5760,2026-09-21T00:20:00Z,Kansas City Chiefs,Indianapolis Colts,Indianapolis Colts @ Kansas City Chiefs,betonlineag,BetOnline.ag,player_receptions,player_receptions,Noah Gray,Under,-192,1.5,2026-09-20T20:42:03Z
50bc247030707d823b9c3581d7eb5760,2026-09-21T00:20:00Z,Kansas City Chiefs,Indianapolis Colts,Indianapolis Colts @ Kansas City Chiefs,betonlineag,BetOnline.ag,player_receptions,player_receptions,Josh Downs,Over,110,4.5,2026-09-20T20:42:03Z
50bc247030707d823b9c3581d7eb5760,2026-09-21T00:20:00Z,Kansas City Chiefs,Indianapolis Colts,Indianapolis Colts @ Kansas City Chiefs,betonlineag,BetOnline.ag,player_receptions,player_receptions,Josh Downs,Under,-143,4.5,2026-09-20T20:42:03Z
50bc247030707d823b9c3581d7eb5760,2026-09-21T00:20:00Z,Kansas City Chiefs,Indianapolis Colts,Indianapolis Colts @ Kansas City Chiefs,fanduel,FanDuel,player_receptions,player_receptions,Rashee Rice,Over,-122,4.5,2026-09-20T20:42:27Z
50bc247030707d823b9c3581d7eb5760,2026-09-21T00:20:00Z,Kansas City Chiefs,Indianapolis Colts,Indianapolis Colts @ Kansas City Chiefs,fanduel,FanDuel,player_receptions,player_receptions,Rashee Rice,Under,-108,4.5,2026-09-20T20:42:27Z
50bc247030707d823b9c3581d7eb5760,2026-09-21T00:20:00Z,Kansas City Chiefs,Indianapolis Colts,Indianapolis Colts @ Kansas City Chiefs,fanduel,FanDuel,player_receptions,player_receptions,Alec Pierce,Over,-140,2.5,2026-09-20T20:42:27Z
50bc247030707d823b9c3581d7eb5760,2026-09-21T00:20:00Z,Kansas City Chiefs,Indianapolis Colts,Indianapolis Colts @ Kansas City Chiefs,fanduel,FanDuel,player_receptions,player_receptions,Alec Pierce,Under,106,2.5,2026-09-20T20:42:27Z
50bc247030707d823b9c3581d7eb5760,2026-09-21T00:20:00Z,Kansas City Chiefs,Indianapolis Colts,Indianapolis Colts @ Kansas City Chiefs,fanduel,FanDuel,player_receptions,player_receptions,Travis Kelce,Over,-154,3.5,2026-09-20T20:42:27Z
50bc247030707d823b9c3581d7eb5760,2026-09-21T00:20:00Z,Kansas City Chiefs,Indianapolis Colts,Indianapolis Colts @ Kansas City Chiefs,fanduel,FanDuel,player_receptions,player_receptions,Travis Kelce,Under,116,3.5,2026-09-20T20:42:27Z
50bc247030707d823b9c3581d7eb5760,2026-09-21T00:20:00Z,Kansas City Chiefs,Indianapolis Colts,Indianapolis Colts @ Kansas City Chiefs,fanduel,FanDuel,player_receptions,player_receptions,Josh Downs,Over,-172,3.5,2026-09-20T20:42:27Z
50bc247030707d823b9c3581d7eb5760,2026-09-21T00:20:00Z,Kansas City Chiefs,Indianapolis Colts,Indianapolis Colts @ Kansas City Chiefs,fanduel,FanDuel,player_receptions,player_receptions,Josh Downs,Under,128,3.5,2026-09-20T20:42:27Z
50bc247030707d823b9c3581d7eb5760,2026-09-21T00:20:00Z,Kansas City Chiefs,Indianapolis Colts,Indianapolis Colts @ Kansas City Chiefs,fanduel,FanDuel,player_receptions,player_receptions,Kenneth Walker III,Over,130,3.5,2026-09-20T20:42:27Z
50bc247030707d823b9c3581d7eb5760,2026-09-21T00:20:00Z,Kansas City Chiefs,Indianapolis Colts,Indianapolis Colts @ Kansas City Chiefs,fanduel,FanDuel,player_receptions,player_receptions,Kenneth Walker III,Under,-174,3.5,2026-09-20T20:42:27Z
50bc247030707d823b9c3581d7eb5760,2026-09-21T00:20:00Z,Kansas City Chiefs,Indianapolis Colts,Indianapolis Colts @ Kansas City Chiefs,fanduel,FanDuel,player_receptions,player_receptions,Keenan Allen,Over,-130,3.5,2026-09-20T20:42:27Z
50bc247030707d823b9c3581d7eb5760,2026-09-21T00:20:00Z,Kansas City Chiefs,Indianapolis Colts,Indianapolis Colts @ Kansas City Chiefs,fanduel,FanDuel,player_receptions,player_receptions,Keenan Allen,Under,-102,3.5,2026-09-20T20:42:27Z
50bc247030707d823b9c3581d7eb5760,2026-09-21T00:20:00Z,Kansas City Chiefs,Indianapolis Colts,Indianapolis Colts @ Kansas City Chiefs,fanduel,FanDuel,player_receptions,player_receptions,Xavier Worthy,Over,106,3.5,2026-09-20T20:42:27Z
50bc247030707d823b9c3581d7eb5760,2026-09-21T00:20:00Z,Kansas City Chiefs,Indianapolis Colts,Indianapolis Colts @ Kansas City Chiefs,fanduel,FanDuel,player_receptions,player_receptions,Xavier Worthy,Under,-140,3.5,2026-09-20T20:42:27Z
50bc247030707d823b9c3581d7eb5760,2026-09-21T00:20:00Z,Kansas City Chiefs,Indianapolis Colts,Indianapolis Colts @ Kansas City Chiefs,fanduel,FanDuel,player_receptions,player_receptions,Noah Gray,Over,148,1.5,2026-09-20T20:42:27Z
50bc247030707d823b9c3581d7eb5760,2026-09-21T00:20:00Z,Kansas City Chiefs,Indianapolis Colts,Indianapolis Colts @ Kansas City Chiefs,fanduel,FanDuel,player_receptions,player_receptions,Noah Gray,Under,-200,1.5,2026-09-20T20:42:27Z
50bc247030707d823b9c3581d7eb5760,2026-09-21T00:20:00Z,Kansas City Chiefs,Indianapolis Colts,Indianapolis Colts @ Kansas City Chiefs,fanduel,FanDuel,player_receptions,player_receptions,Jonathan Taylor,Over,-128,2.5,2026-09-20T20:42:27Z
50bc247030707d823b9c3581d7eb5760,2026-09-21T00:20:00Z,Kansas City Chiefs,Indianapolis Colts,Indianapolis Colts @ Kansas City Chiefs,fanduel,FanDuel,player_receptions,player_receptions,Jonathan Taylor,Under,-104,2.5,2026-09-20T20:42:27Z
50bc247030707d823b9c3581d7eb5760,2026-09-21T00:20:00Z,Kansas City Chiefs,Indianapolis Colts,Indianapolis Colts @ Kansas City Chiefs,fanduel,FanDuel,player_receptions,player_receptions,Tyler Warren,Over,-130,4.5,2026-09-20T20:42:27Z
50bc247030707d823b9c3581d7eb5760,2026-09-21T00:20:00Z,Kansas City Chiefs,Indianapolis Colts,Indianapolis Colts @ Kansas City Chiefs,fanduel,FanDuel,player_receptions,player_receptions,Tyler Warren,Under,-102,4.5,2026-09-20T20:42:27Z
50bc247030707d823b9c3581d7eb5760,2026-09-21T00:20:00Z,Kansas City Chiefs,Indianapolis Colts,Indianapolis Colts @ Kansas City Chiefs,fanduel,FanDuel,player_receptions,player_receptions,Tyquan Thornton,Over,148,1.5,2026-09-20T20:42:27Z
50bc247030707d823b9c3581d7eb5760,2026-09-21T00:20:00Z,Kansas City Chiefs,Indianapolis Colts,Indianapolis Colts @ Kansas City Chiefs,fanduel,FanDuel,player_receptions,player_receptions,Tyquan Thornton,Under,-200,1.5,2026-09-20T20:42:27Z
50bc247030707d823b9c3581d7eb5760,2026-09-21T00:20:00Z,Kansas City Chiefs,Indianapolis Colts,Indianapolis Colts @ Kansas City Chiefs,betrivers,BetRivers,player_receptions,player_receptions,Travis Kelce,Over,-152,3.5,2026-09-20T20:42:53Z
50bc247030707d823b9c3581d7eb5760,2026-09-21T00:20:00Z,Kansas City Chiefs,Indianapolis Colts,Indianapolis Colts @ Kansas City Chiefs,betrivers,BetRivers,player_receptions,player_receptions,Tyquan Thornton,Over,145,1.5,2026-09-20T20:42:53Z
50bc247030707d823b9c3581d7eb5760,2026-09-21T00:20:00Z,Kansas City Chiefs,Indianapolis Colts,Indianapolis Colts @ Kansas City Chiefs,betrivers,BetRivers,player_receptions,player_receptions,Tyler Warren,Over,-137,4.5,2026-09-20T20:42:53Z
50bc247030707d823b9c3581d7eb5760,2026-09-21T00:20:00Z,Kansas City Chiefs,Indianapolis Colts,Indianapolis Colts @ Kansas City Chiefs,betrivers,BetRivers,player_receptions,player_receptions,Alec Pierce,Over,-165,2.5,2026-09-20T20:42:53Z
50bc247030707d823b9c3581d7eb5760,2026-09-21T00:20:00Z,Kansas City Chiefs,Indianapolis Colts,Indianapolis Colts @ Kansas City Chiefs,betrivers,BetRivers,player_receptions,player_receptions,Rashee Rice,Over,-141,4.5,2026-09-20T20:42:53Z
50bc247030707d823b9c3581d7eb5760,2026-09-21T00:20:00Z,Kansas City Chiefs,Indianapolis Colts,Indianapolis Colts @ Kansas City Chiefs,betrivers,BetRivers,player_receptions,player_receptions,Xavier Worthy,Over,110,3.5,2026-09-20T20:42:53Z
50bc247030707d823b9c3581d7eb5760,2026-09-21T00:20:00Z,Kansas City Chiefs,Indianapolis Colts,Indianapolis Colts @ Kansas City Chiefs,betrivers,BetRivers,player_receptions,player_receptions,Keenan Allen,Over,-125,3.5,2026-09-20T20:42:53Z
50bc247030707d823b9c3581d7eb5760,2026-09-21T00:20:00Z,Kansas City Chiefs,Indianapolis Colts,Indianapolis Colts @ Kansas City Chiefs,betrivers,BetRivers,player_receptions,player_receptions,Jonathan Taylor,Over,-117,2.5,2026-09-20T20:42:53Z
50bc247030707d823b9c3581d7eb5760,2026-09-21T00:20:00Z,Kansas City Chiefs,Indianapolis Colts,Indianapolis Colts @ Kansas City Chiefs,betrivers,BetRivers,player_receptions,player_receptions,Noah Gray,Over,128,1.5,2026-09-20T20:42:53Z
50bc247030707d823b9c3581d7eb5760,2026-09-21T00:20:00Z,Kansas City Chiefs,Indianapolis Colts,Indianapolis Colts @ Kansas City Chiefs,betrivers,BetRivers,player_receptions,player_receptions,Kenneth Walker III,Over,125,3.5,2026-09-20T20:42:53Z
50bc247030707d823b9c3581d7eb5760,2026-09-21T00:20:00Z,Kansas City Chiefs,Indianapolis Colts,Indianapolis Colts @ Kansas City Chiefs,betrivers,BetRivers,player_receptions,player_receptions,Josh Downs,Over,130,4.5,2026-09-20T20:42:53Z
50bc247030707d823b9c3581d7eb5760,2026-09-21T00:20:00Z,Kansas City Chiefs,Indianapolis Colts,Indianapolis Colts @ Kansas City Chiefs,betmgm,BetMGM,player_pass_attempts,player_pass_attempts,Daniel Jones,Over,-105,32.5,2026-09-20T20:42:16Z
50bc247030707d823b9c3581d7eb5760,2026-09-21T00:20:00Z,Kansas City Chiefs,Indianapolis Colts,Indianapolis Colts @ Kansas City Chiefs,betmgm,BetMGM,player_pass_attempts,player_pass_attempts,Daniel Jones,Under,-125,32.5,2026-09-20T20:42:16Z
50bc247030707d823b9c3581d7eb5760,2026-09-21T00:20:00Z,Kansas City Chiefs,Indianapolis Colts,Indianapolis Colts @ Kansas City Chiefs,betmgm,BetMGM,player_pass_attempts,player_pass_attempts,Patrick Mahomes,Over,-115,30.5,2026-09-20T20:42:16Z
50bc247030707d823b9c3581d7eb5760,2026-09-21T00:20:00Z,Kansas City Chiefs,Indianapolis Colts,Indianapolis Colts @ Kansas City Chiefs,betmgm,BetMGM,player_pass_attempts,player_pass_attempts,Patrick Mahomes,Under,-115,30.5,2026-09-20T20:42:16Z
50bc247030707d823b9c3581d7eb5760,2026-09-21T00:20:00Z,Kansas City Chiefs,Indianapolis Colts,Indianapolis Colts @ Kansas City Chiefs,betmgm,BetMGM,player_receptions,player_receptions,Travis Kelce,Over,-150,3.5,2026-09-20T20:42:16Z
50bc247030707d823b9c3581d7eb5760,2026-09-21T00:20:00Z,Kansas City Chiefs,Indianapolis Colts,Indianapolis Colts @ Kansas City Chiefs,betmgm,BetMGM,player_receptions,player_receptions,Travis Kelce,Under,110,3.5,2026-09-20T20:42:16Z
50bc247030707d823b9c3581d7eb5760,2026-09-21T00:20:00Z,Kansas City Chiefs,Indianapolis Colts,Indianapolis Colts @ Kansas City Chiefs,betmgm,BetMGM,player_receptions,player_receptions,Xavier Worthy,Over,105,3.5,2026-09-20T20:42:16Z
50bc247030707d823b9c3581d7eb5760,2026-09-21T00:20:00Z,Kansas City Chiefs,Indianapolis Colts,Indianapolis Colts @ Kansas City Chiefs,betmgm,BetMGM,player_receptions,player_receptions,Xavier Worthy,Under,-140,3.5,2026-09-20T20:42:16Z
50bc247030707d823b9c3581d7eb5760,2026-09-21T00:20:00Z,Kansas City Chiefs,Indianapolis Colts,Indianapolis Colts @ Kansas City Chiefs,betmgm,BetMGM,player_receptions,player_receptions,Jonathan Taylor,Over,-150,2.5,2026-09-20T20:42:16Z
50bc247030707d823b9c3581d7eb5760,2026-09-21T00:20:00Z,Kansas City Chiefs,Indianapolis Colts,Indianapolis Colts @ Kansas City Chiefs,betmgm,BetMGM,player_receptions,player_receptions,Jonathan Taylor,Under,110,2.5,2026-09-20T20:42:16Z
50bc247030707d823b9c3581d7eb5760,2026-09-21T00:20:00Z,Kansas City Chiefs,Indianapolis Colts,Indianapolis Colts @ Kansas City Chiefs,betmgm,BetMGM,player_receptions,player_receptions,Tyquan Thornton,Over,145,1.5,2026-09-20T20:42:16Z
50bc247030707d823b9c3581d7eb5760,2026-09-21T00:20:00Z,Kansas City Chiefs,Indianapolis Colts,Indianapolis Colts @ Kansas City Chiefs,betmgm,BetMGM,player_receptions,player_receptions,Tyquan Thornton,Under,-200,1.5,2026-09-20T20:42:16Z
50bc247030707d823b9c3581d7eb5760,2026-09-21T00:20:00Z,Kansas City Chiefs,Indianapolis Colts,Indianapolis Colts @ Kansas City Chiefs,betmgm,BetMGM,player_receptions,player_receptions,Kenneth Walker III,Over,-165,2.5,2026-09-20T20:42:16Z
50bc247030707d823b9c3581d7eb5760,2026-09-21T00:20:00Z,Kansas City Chiefs,Indianapolis Colts,Indianapolis Colts @ Kansas City Chiefs,betmgm,BetMGM,player_receptions,player_receptions,Kenneth Walker III,Under,125,2.5,2026-09-20T20:42:16Z
50bc247030707d823b9c3581d7eb5760,2026-09-21T00:20:00Z,Kansas City Chiefs,Indianapolis Colts,Indianapolis Colts @ Kansas City Chiefs,betmgm,BetMGM,player_receptions,player_receptions,Rashee Rice,Over,-140,4.5,2026-09-20T20:42:16Z
50bc247030707d823b9c3581d7eb5760,2026-09-21T00:20:00Z,Kansas City Chiefs,Indianapolis Colts,Indianapolis Colts @ Kansas City Chiefs,betmgm,BetMGM,player_receptions,player_receptions,Rashee Rice,Under,105,4.5,2026-09-20T20:42:16Z
50bc247030707d823b9c3581d7eb5760,2026-09-21T00:20:00Z,Kansas City Chiefs,Indianapolis Colts,Indianapolis Colts @ Kansas City Chiefs,betmgm,BetMGM,player_receptions,player_receptions,Noah Gray,Over,135,1.5,2026-09-20T20:42:16Z
50bc247030707d823b9c3581d7eb5760,2026-09-21T00:20:00Z,Kansas City Chiefs,Indianapolis Colts,Indianapolis Colts @ Kansas City Chiefs,betmgm,BetMGM,player_receptions,player_receptions,Noah Gray,Under,-185,1.5,2026-09-20T20:42:16Z
50bc247030707d823b9c3581d7eb5760,2026-09-21T00:20:00Z,Kansas City Chiefs,Indianapolis Colts,Indianapolis Colts @ Kansas City Chiefs,betmgm,BetMGM,player_receptions,player_receptions,Tyler Warren,Over,-150,4.5,2026-09-20T20:42:16Z
50bc247030707d823b9c3581d7eb5760,2026-09-21T00:20:00Z,Kansas City Chiefs,Indianapolis Colts,Indianapolis Colts @ Kansas City Chiefs,betmgm,BetMGM,player_receptions,player_receptions,Tyler Warren,Under,110,4.5,2026-09-20T20:42:16Z
50bc247030707d823b9c3581d7eb5760,2026-09-21T00:20:00Z,Kansas City Chiefs,Indianapolis Colts,Indianapolis Colts @ Kansas City Chiefs,betmgm,BetMGM,player_receptions,player_receptions,Keenan Allen,Over,-115,3.5,2026-09-20T20:42:16Z
50bc247030707d823b9c3581d7eb5760,2026-09-21T00:20:00Z,Kansas City Chiefs,Indianapolis Colts,Indianapolis Colts @ Kansas City Chiefs,betmgm,BetMGM,player_receptions,player_receptions,Keenan Allen,Under,-115,3.5,2026-09-20T20:42:16Z
50bc247030707d823b9c3581d7eb5760,2026-09-21T00:20:00Z,Kansas City Chiefs,Indianapolis Colts,Indianapolis Colts @ Kansas City Chiefs,betmgm,BetMGM,player_receptions,player_receptions,Alec Pierce,Over,135,3.5,2026-09-20T20:42:16Z
50bc247030707d823b9c3581d7eb5760,2026-09-21T00:20:00Z,Kansas City Chiefs,Indianapolis Colts,Indianapolis Colts @ Kansas City Chiefs,betmgm,BetMGM,player_receptions,player_receptions,Alec Pierce,Under,-185,3.5,2026-09-20T20:42:16Z
50bc247030707d823b9c3581d7eb5760,2026-09-21T00:20:00Z,Kansas City Chiefs,Indianapolis Colts,Indianapolis Colts @ Kansas City Chiefs,betmgm,BetMGM,player_receptions,player_receptions,Josh Downs,Over,120,4.5,2026-09-20T20:42:16Z
50bc247030707d823b9c3581d7eb5760,2026-09-21T00:20:00Z,Kansas City Chiefs,Indianapolis Colts,Indianapolis Colts @ Kansas City Chiefs,betmgm,BetMGM,player_receptions,player_receptions,Josh Downs,Under,-160,4.5,2026-09-20T20:42:16Z
50bc247030707d823b9c3581d7eb5760,2026-09-21T00:20:00Z,Kansas City Chiefs,Indianapolis Colts,Indianapolis Colts @ Kansas City Chiefs,fanatics,Fanatics,player_pass_attempts,player_pass_attempts,Patrick Mahomes,Over,-125,30.5,2026-09-20T20:42:58Z
50bc247030707d823b9c3581d7eb5760,2026-09-21T00:20:00Z,Kansas City Chiefs,Indianapolis Colts,Indianapolis Colts @ Kansas City Chiefs,fanatics,Fanatics,player_pass_attempts,player_pass_attempts,Patrick Mahomes,Under,-105,30.5,2026-09-20T20:42:58Z
50bc247030707d823b9c3581d7eb5760,2026-09-21T00:20:00Z,Kansas City Chiefs,Indianapolis Colts,Indianapolis Colts @ Kansas City Chiefs,fanatics,Fanatics,player_receptions,player_receptions,Travis Kelce,Over,150,4.5,2026-09-20T20:42:58Z
50bc247030707d823b9c3581d7eb5760,2026-09-21T00:20:00Z,Kansas City Chiefs,Indianapolis Colts,Indianapolis Colts @ Kansas City Chiefs,fanatics,Fanatics,player_receptions,player_receptions,Travis Kelce,Under,-210,4.5,2026-09-20T20:42:58Z
50bc247030707d823b9c3581d7eb5760,2026-09-21T00:20:00Z,Kansas City Chiefs,Indianapolis Colts,Indianapolis Colts @ Kansas City Chiefs,bovada,Bovada,player_pass_attempts,player_pass_attempts,Daniel Jones,Over,-120,31.5,2026-09-20T20:42:49Z
50bc247030707d823b9c3581d7eb5760,2026-09-21T00:20:00Z,Kansas City Chiefs,Indianapolis Colts,Indianapolis Colts @ Kansas City Chiefs,bovada,Bovada,player_pass_attempts,player_pass_attempts,Daniel Jones,Under,-110,31.5,2026-09-20T20:42:49Z
50bc247030707d823b9c3581d7eb5760,2026-09-21T00:20:00Z,Kansas City Chiefs,Indianapolis Colts,Indianapolis Colts @ Kansas City Chiefs,bovada,Bovada,player_pass_attempts,player_pass_attempts,Patrick Mahomes,Over,-125,30.5,2026-09-20T20:42:49Z
50bc247030707d823b9c3581d7eb5760,2026-09-21T00:20:00Z,Kansas City Chiefs,Indianapolis Colts,Indianapolis Colts @ Kansas City Chiefs,bovada,Bovada,player_pass_attempts,player_pass_attempts,Patrick Mahomes,Under,-105,30.5,2026-09-20T20:42:49Z
50bc247030707d823b9c3581d7eb5760,2026-09-21T00:20:00Z,Kansas City Chiefs,Indianapolis Colts,Indianapolis Colts @ Kansas City Chiefs,bovada,Bovada,player_receptions,player_receptions,Alec Pierce,Over,-160,2.5,2026-09-20T20:42:49Z
50bc247030707d823b9c3581d7eb5760,2026-09-21T00:20:00Z,Kansas City Chiefs,Indianapolis Colts,Indianapolis Colts @ Kansas City Chiefs,bovada,Bovada,player_receptions,player_receptions,Alec Pierce,Under,120,2.5,2026-09-20T20:42:49Z
50bc247030707d823b9c3581d7eb5760,2026-09-21T00:20:00Z,Kansas City Chiefs,Indianapolis Colts,Indianapolis Colts @ Kansas City Chiefs,bovada,Bovada,player_receptions,player_receptions,Jonathan Taylor,Over,-125,2.5,2026-09-20T20:42:49Z
50bc247030707d823b9c3581d7eb5760,2026-09-21T00:20:00Z,Kansas City Chiefs,Indianapolis Colts,Indianapolis Colts @ Kansas City Chiefs,bovada,Bovada,player_receptions,player_receptions,Jonathan Taylor,Under,-105,2.5,2026-09-20T20:42:49Z
50bc247030707d823b9c3581d7eb5760,2026-09-21T00:20:00Z,Kansas City Chiefs,Indianapolis Colts,Indianapolis Colts @ Kansas City Chiefs,bovada,Bovada,player_receptions,player_receptions,Josh Downs,Over,125,4.5,2026-09-20T20:42:49Z
50bc247030707d823b9c3581d7eb5760,2026-09-21T00:20:00Z,Kansas City Chiefs,Indianapolis Colts,Indianapolis Colts @ Kansas City Chiefs,bovada,Bovada,player_receptions,player_receptions,Josh Downs,Under,-165,4.5,2026-09-20T20:42:49Z
50bc247030707d823b9c3581d7eb5760,2026-09-21T00:20:00Z,Kansas City Chiefs,Indianapolis Colts,Indianapolis Colts @ Kansas City Chiefs,bovada,Bovada,player_receptions,player_receptions,Keenan Allen,Over,-130,3.5,2026-09-20T20:42:49Z
50bc247030707d823b9c3581d7eb5760,2026-09-21T00:20:00Z,Kansas City Chiefs,Indianapolis Colts,Indianapolis Colts @ Kansas City Chiefs,bovada,Bovada,player_receptions,player_receptions,Keenan Allen,Under,100,3.5,2026-09-20T20:42:49Z
50bc247030707d823b9c3581d7eb5760,2026-09-21T00:20:00Z,Kansas City Chiefs,Indianapolis Colts,Indianapolis Colts @ Kansas City Chiefs,bovada,Bovada,player_receptions,player_receptions,Kenneth Walker III,Over,125,3.5,2026-09-20T20:42:49Z
50bc247030707d823b9c3581d7eb5760,2026-09-21T00:20:00Z,Kansas City Chiefs,Indianapolis Colts,Indianapolis Colts @ Kansas City Chiefs,bovada,Bovada,player_receptions,player_receptions,Kenneth Walker III,Under,-165,3.5,2026-09-20T20:42:49Z
50bc247030707d823b9c3581d7eb5760,2026-09-21T00:20:00Z,Kansas City Chiefs,Indianapolis Colts,Indianapolis Colts @ Kansas City Chiefs,bovada,Bovada,player_receptions,player_receptions,Noah Gray,Over,140,1.5,2026-09-20T20:42:49Z
50bc247030707d823b9c3581d7eb5760,2026-09-21T00:20:00Z,Kansas City Chiefs,Indianapolis Colts,Indianapolis Colts @ Kansas City Chiefs,bovada,Bovada,player_receptions,player_receptions,Noah Gray,Under,-185,1.5,2026-09-20T20:42:49Z
50bc247030707d823b9c3581d7eb5760,2026-09-21T00:20:00Z,Kansas City Chiefs,Indianapolis Colts,Indianapolis Colts @ Kansas City Chiefs,bovada,Bovada,player_receptions,player_receptions,Rashee Rice,Over,-130,4.5,2026-09-20T20:42:49Z
50bc247030707d823b9c3581d7eb5760,2026-09-21T00:20:00Z,Kansas City Chiefs,Indianapolis Colts,Indianapolis Colts @ Kansas City Chiefs,bovada,Bovada,player_receptions,player_receptions,Rashee Rice,Under,100,4.5,2026-09-20T20:42:49Z
50bc247030707d823b9c3581d7eb5760,2026-09-21T00:20:00Z,Kansas City Chiefs,Indianapolis Colts,Indianapolis Colts @ Kansas City Chiefs,bovada,Bovada,player_receptions,player_receptions,Travis Kelce,Over,-145,3.5,2026-09-20T20:42:49Z
50bc247030707d823b9c3581d7eb5760,2026-09-21T00:20:00Z,Kansas City Chiefs,Indianapolis Colts,Indianapolis Colts @ Kansas City Chiefs,bovada,Bovada,player_receptions,player_receptions,Travis Kelce,Under,110,3.5,2026-09-20T20:42:49Z
50bc247030707d823b9c3581d7eb5760,2026-09-21T00:20:00Z,Kansas City Chiefs,Indianapolis Colts,Indianapolis Colts @ Kansas City Chiefs,bovada,Bovada,player_receptions,player_receptions,Tyler Warren,Over,-135,4.5,2026-09-20T20:42:49Z
50bc247030707d823b9c3581d7eb5760,2026-09-21T00:20:00Z,Kansas City Chiefs,Indianapolis Colts,Indianapolis Colts @ Kansas City Chiefs,bovada,Bovada,player_receptions,player_receptions,Tyler Warren,Under,105,4.5,2026-09-20T20:42:49Z
50bc247030707d823b9c3581d7eb5760,2026-09-21T00:20:00Z,Kansas City Chiefs,Indianapolis Colts,Indianapolis Colts @ Kansas City Chiefs,bovada,Bovada,player_receptions,player_receptions,Tyquan Thornton,Over,135,1.5,2026-09-20T20:42:49Z
50bc247030707d823b9c3581d7eb5760,2026-09-21T00:20:00Z,Kansas City Chiefs,Indianapolis Colts,Indianapolis Colts @ Kansas City Chiefs,bovada,Bovada,player_receptions,player_receptions,Tyquan Thornton,Under,-180,1.5,2026-09-20T20:42:49Z
50bc247030707d823b9c3581d7eb5760,2026-09-21T00:20:00Z,Kansas City Chiefs,Indianapolis Colts,Indianapolis Colts @ Kansas City Chiefs,bovada,Bovada,player_receptions,player_receptions,Xavier Worthy,Over,100,3.5,2026-09-20T20:42:49Z
50bc247030707d823b9c3581d7eb5760,2026-09-21T00:20:00Z,Kansas City Chiefs,Indianapolis Colts,Indianapolis Colts @ Kansas City Chiefs,bovada,Bovada,player_receptions,player_receptions,Xavier Worthy,Under,-130,3.5,2026-09-20T20:42:49Z
