game_id,season,game_type,week,gameday,weekday,gametime,away_team,away_score,home_team,home_score,location,result,total,overtime,old_game_id,gsis,nfl_detail_id,pfr,pff,espn,ftn,away_rest,home_rest,away_moneyline,home_moneyline,spread_line,away_spread_odds,home_spread_odds,total_line,under_odds,over_odds,div_game,roof,surface,temp,wind,away_qb_id,home_qb_id,away_qb_name,home_qb_name,away_coach,home_coach,referee,stadium_id,stadium,game,actual_total,total_pred,market_total,books,best_over_price,best_under_price,model_error,market_error,closing_error,model_pick,market_result,model_result,model_units
2026_03_LAC_BUF,2026,REG,3,2026-09-27,Sunday,13:00,LAC,16.0,BUF,24.0,Home,8.0,40.0,0.0,2026092700,60211.0,,202609270buf,30639.0,401872953,7052.0,7,10,260.0,-325.0,7.0,-108.0,-112.0,50.5,-115.0,-105.0,0,outdoors,grass,68.0,12.0,00-0036355,00-0034857,Justin Herbert,Josh Allen,Jim Harbaugh,Sean McDermott,Clete Blakeman,BUF00,Highmark Stadium,LAC @ BUF,40.0,44.07084670906535,50.0,11,-107.0,-107.0,4.07084670906535,10.0,10.5,under,under,win,0.9345794392523364
2026_03_CAR_CLE,2026,REG,3,2026-09-27,Sunday,13:00,CAR,18.0,CLE,21.0,Home,3.0,39.0,0.0,2026092701,60212.0,,202609270cle,30640.0,401872949,7053.0,7,7,-135.0,114.0,-2.5,-108.0,-112.0,41.5,-105.0,-115.0,0,outdoors,grass,68.0,12.0,00-0039150,00-0033537,Bryce Young,Deshaun Watson,Dave Canales,Todd Monken,Land Clark,CLE00,Huntington Bank Field,CAR @ CLE,39.0,43.12150138078275,42.5,11,-106.0,-110.0,4.121501380782753,3.5,2.5,over,under,loss,-1.0
2026_03_NYJ_DET,2026,REG,3,2026-09-27,Sunday,13:00,NYJ,24.0,DET,31.0,Home,7.0,55.0,0.0,2026092702,60213.0,,202609270det,30641.0,401872954,7054.0,7,10,260.0,-325.0,7.0,-110.0,-110.0,49.5,-110.0,-110.0,0,dome,fieldturf,,,00-0030565,00-0033106,Geno Smith,Jared Goff,Aaron Glenn,Dan Campbell,Brad Rogers,DET00,Ford Field,NYJ @ DET,55.0,41.554312688530615,48.0,11,-108.0,-102.0,-13.445687311469385,-7.0,-5.5,under,over,loss,-1.0
2026_03_HOU_IND,2026,REG,3,2026-09-27,Sunday,13:00,HOU,17.0,IND,19.0,Home,2.0,36.0,0.0,2026092703,60214.0,,202609270clt,30642.0,401872951,7055.0,7,7,-125.0,105.0,-1.5,-112.0,-108.0,41.5,-105.0,-115.0,1,open,fieldturf,,,00-0039163,00-0035710,C.J. Stroud,Daniel Jones,DeMeco Ryans,Shane Steichen,Ron Torbert,IND00,Lucas Oil Stadium,HOU @ IND,36.0,43.02241544620467,42.5,11,-105.0,-102.0,7.022415446204668,6.5,5.5,over,under,loss,-1.0
2026_03_NE_JAX,2026,REG,3,2026-09-27,Sunday,13:00,NE,6.0,JAX,35.0,Home,29.0,41.0,0.0,2026092704,60215.0,,202609270jax,30643.0,401872957,7056.0,7,7,136.0,-162.0,3.0,-115.0,-105.0,46.5,-110.0,-110.0,0,outdoors,grass,80.0,7.0,00-0039851,00-0036971,Drake Maye,Trevor Lawrence,Mike Vrabel,Liam Coen,Alex Kemp,JAX00,EverBank Stadium,NE @ JAX,41.0,46.02691956193431,46.0,11,-109.0,-105.0,5.026919561934307,5.0,5.5,over,under,loss,-1.0
2026_03_KC_MIA,2026,REG,3,2026-09-27,Sunday,13:00,KC,24.0,MIA,10.0,Home,-14.0,34.0,0.0,2026092705,60216.0,,202609270mia,30644.0,401872952,7057.0,7,7,-600.0,440.0,-10.0,-108.0,-112.0,45.5,-115.0,-105.0,0,outdoors,grass,86.0,5.0,00-0033873,00-0038128,Patrick Mahomes,Malik Willis,Andy Reid,Jeff Hafley,Alex Moore,MIA00,Hard Rock Stadium,KC @ MIA,34.0,39.66753255820436,45.0,11,-110.0,-105.0,5.667532558204357,11.0,11.5,under,under,win,0.9523809523809523
2026_03_TEN_NYG,2026,REG,3,2026-09-27,Sunday,13:00,TEN,7.0,NYG,12.0,Home,5.0,19.0,0.0,2026092706,60217.0,,202609270nyg,30645.0,401872956,7058.0,7,6,110.0,-130.0,2.5,-110.0,-110.0,37.5,-108.0,-112.0,0,outdoors,fieldturf,62.0,10.0,00-0040676,00-0031503,Cam Ward,Jameis Winston,Robert Saleh,John Harbaugh,Alan Eck,NYC01,MetLife Stadium,TEN @ NYG,19.0,43.49172409078376,38.0,11,-105.0,-107.0,24.491724090783762,19.0,18.5,over,under,loss,-1.0
2026_03_CIN_PIT,2026,REG,3,2026-09-27,Sunday,13:00,CIN,27.0,PIT,30.0,Home,3.0,57.0,0.0,2026092707,60218.0,,202609270pit,30646.0,401872950,7059.0,7,7,-180.0,150.0,-3.5,-102.0,-118.0,42.5,-108.0,-112.0,1,outdoors,grass,70.0,12.0,00-0036442,00-0023459,Joe Burrow,Aaron Rodgers,Zac Taylor,Mike McCarthy,Clay Martin,PIT00,Acrisure Stadium,CIN @ PIT,57.0,42.99282077216804,42.5,11,-109.0,-105.0,-14.007179227831962,-14.5,-14.5,over,over,win,0.9174311926605505
2026_03_SEA_WAS,2026,REG,3,2026-09-27,Sunday,13:00,SEA,31.0,WAS,33.0,Home,2.0,64.0,0.0,2026092708,60219.0,,202609270was,30647.0,401872955,7060.0,7,7,-410.0,320.0,-8.5,-105.0,-115.0,40.5,-112.0,-108.0,0,outdoors,grass,63.0,13.0,00-0035704,00-0039910,Drew Lock,Jayden Daniels,Mike Macdonald,Dan Quinn,Carl Cheffers,WAS00,Northwest Stadium,SEA @ WAS,64.0,47.26504837647782,40.0,11,-110.0,-102.0,-16.73495162352218,-24.0,-23.5,over,over,win,0.9090909090909091
2026_03_ARI_SF,2026,REG,3,2026-09-27,Sunday,16:05,ARI,30.0,SF,36.0,Home,6.0,66.0,0.0,2026092709,60220.0,,202609270sfo,30648.0,401872958,7061.0,7,7,310.0,-395.0,7.5,-110.0,-110.0,48.5,-108.0,-112.0,1,outdoors,grass,70.0,4.0,00-0033119,00-0037834,Jacoby Brissett,Brock Purdy,Jonathan Gannon,Kyle Shanahan,Brad Allen,SFO01,Levi's Stadium,ARI @ SF,66.0,42.70658883244253,48.0,11,-103.0,-110.0,-23.293411167557473,-18.0,-17.5,under,over,loss,-1.0
2026_03_MIN_TB,2026,REG,3,2026-09-27,Sunday,16:05,MIN,23.0,TB,16.0,Home,-7.0,39.0,0.0,2026092710,60221.0,,202609270tam,30649.0,401872959,7062.0,7,7,-112.0,-108.0,-1.5,-102.0,-118.0,42.5,-108.0,-112.0,0,outdoors,grass,84.0,7.0,00-0035228,00-0034855,Kyler Murray,Baker Mayfield,Kevin O'Connell,Todd Bowles,Scott Novak,TAM00,Raymond James Stadium,MIN @ TB,39.0,46.06189000616317,42.5,11,-105.0,-105.0,7.061890006163168,3.5,3.5,over,under,loss,-1.0
2026_03_BAL_DAL,2026,REG,3,2026-09-27,Sunday,16:25,BAL,34.0,DAL,31.0,Neutral,-3.0,65.0,0.0,2026092711,60222.0,,202609270dal,30650.0,401872960,7063.0,7,7,-170.0,142.0,-3.0,-120.0,100.0,53.5,100.0,-120.0,0,open,grass,77.0,7.0,00-0034796,00-0033077,Lamar Jackson,Dak Prescott,Jesse Minter,Brian Schottenheimer,John Hussey,RIO00,Maracana Stadium,BAL @ DAL,65.0,49.43276268578928,53.5,11,-107.0,-107.0,-15.567237314210722,-11.5,-11.5,under,over,loss,-1.0
2026_03_LV_NO,2026,REG,3,2026-09-27,Sunday,16:25,LV,35.0,NO,27.0,Home,-8.0,62.0,0.0,2026092712,60223.0,,202609270nor,30651.0,401872961,7064.0,7,7,160.0,-192.0,3.5,-112.0,-108.0,43.5,-102.0,-118.0,0,dome,sportturf,,,00-0029604,00-0040743,Kirk Cousins,Tyler Shough,Klint Kubliak,Kellen Moore,Adrian Hill,NOR00,Caesars Superdome,LV @ NO,62.0,44.23552213474311,43.5,11,-110.0,-102.0,-17.764477865256893,-18.5,-18.5,over,over,win,0.9090909090909091
2026_03_LA_DEN,2026,REG,3,2026-09-27,Sunday,20:20,LA,26.0,DEN,30.0,Home,4.0,56.0,0.0,2026092713,60224.0,,202609270den,30652.0,401872962,7065.0,6,7,-108.0,-112.0,1.5,-122.0,102.0,43.5,-105.0,-115.0,0,outdoors,grass,83.0,10.0,00-0026498,00-0039732,Matthew Stafford,Bo Nix,Sean McVay,Sean Payton,Bill Vinovich,DEN00,Empower Field at Mile High,LA @ DEN,56.0,43.74978209895218,44.0,11,-108.0,-107.0,-12.250217901047819,-12.0,-12.5,under,over,loss,-1.0
2026_03_PHI_CHI,2026,REG,3,2026-09-28,Monday,20:15,PHI,7.0,CHI,27.0,Home,20.0,34.0,0.0,2026092800,60225.0,,202609280chi,30653.0,401872963,7066.0,8,8,-198.0,164.0,-3.5,-112.0,-108.0,42.5,-112.0,-108.0,0,outdoors,grass,64.0,3.0,00-0036389,00-0028986,Jalen Hurts,Case Keenum,Nick Sirianni,Ben Johnson,Shawn Hochuli,CHI98,Soldier Field,PHI @ CHI,34.0,46.53229523123095,41.0,11,-107.0,-105.0,12.532295231230947,7.0,8.5,over,under,loss,-1.0
