book,line,side,american_price,quoted_at_utc,no_vig_probability,consensus_probability,model_probability,model_push_probability
BetMGM,17.5,Over,-165,2026-10-06T20:31:20Z,0.5780254777070064,0.5884497550392879,0.4642,0.0
BetRivers,17.5,Over,-230,2026-10-06T20:31:21Z,,0.5884497550392879,0.4642,0.0
Fanatics,17.5,Over,-185,2026-10-06T20:31:50Z,0.5988740323715693,0.5884497550392879,0.4642,0.0
BetMGM,17.5,Under,120,2026-10-06T20:31:20Z,0.42197452229299365,0.41155024496071213,0.5358,0.0
Fanatics,17.5,Under,130,2026-10-06T20:31:50Z,0.40112596762843067,0.41155024496071213,0.5358,0.0
BetOnline,18.0,Over,-140,2026-10-06T20:31:06Z,0.5384615384615384,0.5384615384615384,0.3164,0.1478
BetOnline,18.0,Under,100,2026-10-06T20:31:06Z,0.46153846153846145,0.46153846153846145,0.5358,0.1478
Bovada,18.5,Over,155,2026-10-06T20:30:12Z,0.36322360953461974,0.36593419483431433,0.3164,0.0
DraftKings,18.5,Over,154,2026-10-06T20:31:40Z,0.368644780134009,0.36593419483431433,0.3164,0.0
FanDuel,18.5,Over,148,2026-10-06T20:31:28Z,0.3768844221105528,0.36593419483431433,0.3164,0.0
Caesars,18.5,Over,165,2026-10-06T20:31:55Z,0.35278154681139756,0.36593419483431433,0.3164,0.0
Bovada,18.5,Under,-220,2026-10-06T20:30:12Z,0.6367763904653803,0.6340658051656856,0.6836,0.0
DraftKings,18.5,Under,-207,2026-10-06T20:31:40Z,0.631355219865991,0.6340658051656856,0.6836,0.0
FanDuel,18.5,Under,-200,2026-10-06T20:31:28Z,0.6231155778894473,0.6340658051656856,0.6836,0.0
Caesars,18.5,Under,-225,2026-10-06T20:31:55Z,0.6472184531886024,0.6340658051656856,0.6836,0.0
