game,commence_time,consensus_total,model_projection,claimed_edge,calibrated_projection,calibrated_edge,model_over_prob,model_under_prob,market_over_prob,prob_edge_over_pp,push_prob,best_over_price,best_over_book,best_under_price,best_under_book,ev_over_per_100,ev_under_per_100,best_side,best_ev_per_100,calibration_beta,calibration_sd,calibration_significant,game_id,season,game_type,week,gameday,weekday,gametime,away_team,away_score,home_team,home_score,location,result,total,overtime,old_game_id,gsis,nfl_detail_id,pfr,pff,espn,ftn,away_rest,home_rest,away_moneyline,home_moneyline,spread_line,away_spread_odds,home_spread_odds,total_line,under_odds,over_odds,div_game,roof,surface,temp,wind,away_qb_id,home_qb_id,away_qb_name,home_qb_name,away_coach,home_coach,referee,stadium_id,stadium,consensus_spread_home,implied_home_total,implied_away_total,quoted_at,raw_error,calibrated_error,market_error,closing_error,over_outcome,raw_pick,raw_pick_result,over_units,under_units,raw_pick_units,best_ev_units,favorite_win,favorite_cover_margin,closing_over,favorite_ml,dog_ml,favorite_ml_units,dog_ml_units,closing_over_units,closing_under_units,favorite_ats_units,dog_ats_units
DET @ BUF,2026-09-18T00:15:00Z,54.5,47.23194433557597,-7.268055664424033,54.18728289779654,-0.3127171022034574,0.4903576079328733,0.5096423920671267,0.507527529249828,-1.7169921316954715,0.0,-107,lowvig,100,draftkings,-5.136425381210485,1.9284784134253383,under,1.9284784134253383,0.0430262392917761,12.93703107690231,False,2026_02_DET_BUF,2026,REG,2,2026-09-17,Thursday,20:15,DET,31.0,BUF,41.0,Home,10.0,72.0,0.0,2026091700,60194.0,,202609170buf,30635.0,401872932,7035.0,4,4,195.0,-238.0,5.5,-115.0,-105.0,54.5,-102.0,-118.0,0,outdoors,grass,67.0,4.0,00-0033106,00-0034857,Jared Goff,Josh Allen,Dan Campbell,Sean McDermott,Ron Torbert,BUF00,Highmark Stadium,-5.5,30.0,24.5,2026-09-17T21:21:09Z,-24.768055664424033,-17.812717102203457,-17.5,-17.5,win,under,loss,0.9345794392523364,-1.0,-1.0,-1.0,True,4.5,True,-238.0,195.0,0.42016806722689076,-1.0,0.847457627118644,-1.0,0.9523809523809523,-1.0
CAR @ ATL,2026-09-20T17:00:00Z,44.0,42.38216081972134,-1.6178391802786578,43.93039046429372,-0.0696095357062773,0.4977868167660402,0.5022131832339599,0.5,-0.2213183233959803,0.0308291146023015,-107,lowvig,-107,lowvig,-3.585143288835136,-2.755226989467521,under,-2.755226989467521,0.0430262392917761,12.93703107690231,False,2026_02_CAR_ATL,2026,REG,2,2026-09-20,Sunday,13:00,CAR,34.0,ATL,3.0,Home,-31.0,37.0,0.0,2026092000,60195.0,,202609200atl,30622.0,401872933,7036.0,7,7,-155.0,130.0,-2.5,-120.0,100.0,43.5,-110.0,-110.0,1,closed,fieldturf,,,00-0039150,00-0036212,Bryce Young,Tua Tagovailoa,Dave Canales,Raheem Morris,Alex Moore,ATL97,Mercedes-Benz Stadium,2.5,20.75,23.25,2026-09-17T21:21:09Z,5.382160819721342,6.930390464293723,7.0,6.5,loss,under,win,-1.0,0.9345794392523364,0.9345794392523364,0.9345794392523364,True,28.5,False,-155.0,130.0,0.6451612903225806,-1.0,-1.0,0.9090909090909091,0.8333333333333334,-1.0
CIN @ HOU,2026-09-20T17:00:00Z,46.0,49.49764717738287,3.497647177382873,46.15049060441228,0.1504906044122833,0.5047846436640945,0.4952153563359054,0.4891657638136511,1.5618879850443357,0.0308274758956311,-102,lowvig,-110,betus,-0.0318325474279813,-5.290602825149677,over,-0.0318325474279813,0.0430262392917761,12.93703107690231,False,2026_02_CIN_HOU,2026,REG,2,2026-09-20,Sunday,13:00,CIN,20.0,HOU,6.0,Home,-14.0,26.0,0.0,2026092003,60198.0,,202609200htx,30625.0,401872934,7039.0,7,7,124.0,-148.0,3.0,-118.0,-102.0,45.5,-110.0,-110.0,0,closed,astroturf,,,00-0036442,00-0039163,Joe Burrow,C.J. Stroud,Zac Taylor,DeMeco Ryans,Adrian Hill,HOU00,Reliant Stadium,-2.5,24.25,21.75,2026-09-17T21:21:09Z,23.497647177382873,20.150490604412283,20.0,19.5,loss,over,loss,-1.0,0.9090909090909091,-1.0,-1.0,False,-17.0,False,-148.0,124.0,-1.0,1.24,-1.0,0.9090909090909091,-1.0,0.847457627118644
CLE @ TB,2026-09-20T17:00:00Z,41.5,43.268502060334704,1.768502060334704,41.57609199283596,0.0760919928359626,0.5023464532113409,0.4976535467886592,0.5,0.2346453211340859,0.0,-102,fanduel,-107,lowvig,-0.515702403244267,-3.724968051165922,over,-0.515702403244267,0.0430262392917761,12.93703107690231,False,2026_02_CLE_TB,2026,REG,2,2026-09-20,Sunday,13:00,CLE,23.0,TB,19.0,Home,-4.0,42.0,0.0,2026092006,60201.0,,202609200tam,30628.0,401872935,7042.0,7,7,330.0,-425.0,8.5,-115.0,-105.0,41.5,-112.0,-108.0,0,outdoors,grass,86.0,4.0,00-0033537,00-0034855,Deshaun Watson,Baker Mayfield,Todd Monken,Todd Bowles,Brad Rogers,TAM00,Raymond James Stadium,-8.5,25.0,16.5,2026-09-17T21:21:10Z,1.2685020603347041,-0.4239080071640373,-0.5,-0.5,win,over,win,0.9803921568627451,-1.0,0.9803921568627451,0.9803921568627451,False,-12.5,True,-425.0,330.0,-1.0,3.3,0.9259259259259259,-1.0,-1.0,0.8695652173913043
GB @ NYJ,2026-09-20T17:00:00Z,44.5,37.49608988291435,-7.003910117085653,44.19864808732418,-0.3013519126758197,0.4907079802648109,0.5092920197351891,0.5,-0.9292019735189117,0.0,-107,lowvig,-106,williamhill_us,-5.068643070265555,-1.0243810703311709,under,-1.0243810703311709,0.0430262392917761,12.93703107690231,False,2026_02_GB_NYJ,2026,REG,2,2026-09-20,Sunday,13:00,GB,20.0,NYJ,17.0,Home,-3.0,37.0,1.0,2026092005,60200.0,,202609200nyj,30627.0,401872936,7041.0,7,7,-185.0,154.0,-3.5,-108.0,-112.0,44.5,-110.0,-110.0,0,outdoors,fieldturf,69.0,7.0,00-0036264,00-0030565,Jordan Love,Geno Smith,Matt LaFleur,Aaron Glenn,Scott Novak,NYC01,MetLife Stadium,3.5,20.5,24.0,2026-09-17T21:21:09Z,0.4960898829143474,7.19864808732418,7.5,7.5,loss,under,win,-1.0,0.9433962264150944,0.9433962264150944,0.9433962264150944,True,-0.5,False,-185.0,154.0,0.5405405405405406,-1.0,-1.0,0.9090909090909091,-1.0,0.8928571428571429
MIN @ CHI,2026-09-20T17:00:00Z,48.0,48.58698118066968,0.5869811806696816,48.02525559273926,0.0252555927392634,0.500802986401787,0.4991970135982131,0.5,0.0802986401786998,0.0308295019376431,-107,lowvig,-107,lowvig,-3.0196289550561706,-3.320738789276973,over,-3.0196289550561706,0.0430262392917761,12.93703107690231,False,2026_02_MIN_CHI,2026,REG,2,2026-09-20,Sunday,13:00,MIN,9.0,CHI,3.0,Home,-6.0,12.0,0.0,2026092002,60197.0,,202609200chi,30624.0,401872937,7038.0,7,7,180.0,-218.0,4.5,-108.0,-112.0,46.5,-105.0,-115.0,1,outdoors,grass,68.0,8.0,00-0032950,00-0039918,Carson Wentz,Caleb Williams,Kevin O'Connell,Ben Johnson,Land Clark,CHI98,Soldier Field,-4.5,26.25,21.75,2026-09-17T21:21:09Z,36.58698118066968,36.02525559273926,36.0,34.5,loss,over,loss,-1.0,0.9345794392523364,-1.0,-1.0,False,-10.5,False,-218.0,180.0,-1.0,1.8,-1.0,0.9523809523809523,-1.0,0.9259259259259259
NO @ BAL,2026-09-20T17:00:00Z,46.5,49.47515732240045,2.975157322400449,46.62800983088428,0.1280098308842809,0.5039474049509969,0.496052595049003,0.4891657638136511,1.4781641137345758,0.0,-102,lowvig,-108,betrivers,-0.1986511763712117,-4.463944657229046,over,-0.1986511763712117,0.0430262392917761,12.93703107690231,False,2026_02_NO_BAL,2026,REG,2,2026-09-20,Sunday,13:00,NO,24.0,BAL,17.0,Home,-7.0,41.0,0.0,2026092001,60196.0,,202609200rav,30623.0,401872938,7037.0,7,7,295.0,-375.0,8.5,-115.0,-105.0,45.5,-115.0,-105.0,0,outdoors,grass,79.0,10.0,00-0040743,00-0034796,Tyler Shough,Lamar Jackson,Kellen Moore,Jesse Minter,Clete Blakeman,BAL00,M&T Bank Stadium,-8.5,27.5,19.0,2026-09-17T21:21:09Z,8.475157322400449,5.628009830884281,5.5,4.5,loss,over,loss,-1.0,0.9259259259259259,-1.0,-1.0,False,-15.5,False,-375.0,295.0,-1.0,2.95,-1.0,0.8695652173913043,-1.0,0.8695652173913043
PHI @ TEN,2026-09-20T17:00:00Z,39.5,44.23126844598514,4.731268445985137,39.70356868831059,0.2035686883105896,0.5062772366398199,0.49372276336018,0.5,0.6277236639819939,0.0,-107,lowvig,-105,bovada,-2.056646743511459,-3.60650810586961,over,-2.056646743511459,0.0430262392917761,12.93703107690231,False,2026_02_PHI_TEN,2026,REG,2,2026-09-20,Sunday,13:00,PHI,24.0,TEN,20.0,Home,-4.0,44.0,0.0,2026092007,60202.0,,202609200oti,30629.0,401872939,7043.0,7,7,-325.0,260.0,-7.0,-115.0,-105.0,39.5,-108.0,-112.0,0,outdoors,grass,92.0,5.0,00-0036389,00-0040676,Jalen Hurts,Cam Ward,Nick Sirianni,Robert Saleh,Clay Martin,NAS00,Nissan Stadium,7.0,16.25,23.25,2026-09-17T21:21:10Z,0.23126844598513685,-4.29643131168941,-4.5,-4.5,win,over,win,0.9345794392523364,-1.0,0.9345794392523364,0.9345794392523364,True,-3.0,True,-325.0,260.0,0.3076923076923077,-1.0,0.8928571428571429,-1.0,-1.0,0.9523809523809523
PIT @ NE,2026-09-20T17:00:00Z,41.5,41.87000619385617,0.3700061938561703,41.5159199750363,0.0159199750362972,0.500490927903336,0.4995090720966639,0.5,0.0490927903336047,0.0,-107,lowvig,-107,williamhill_us,-3.1760541345882576,-3.366001940178087,over,-3.1760541345882576,0.0430262392917761,12.93703107690231,False,2026_02_PIT_NE,2026,REG,2,2026-09-20,Sunday,13:00,PIT,3.0,NE,20.0,Home,17.0,23.0,0.0,2026092004,60199.0,,202609200nwe,30626.0,401872946,7040.0,7,11,185.0,-225.0,4.5,-102.0,-118.0,41.5,-115.0,-105.0,0,outdoors,fieldturf,63.0,7.0,00-0023459,00-0039851,Aaron Rodgers,Drake Maye,Mike McCarthy,Mike Vrabel,Carl Cheffers,BOS00,Gillette Stadium,-5.0,23.25,18.25,2026-09-17T21:21:09Z,18.87000619385617,18.515919975036297,18.5,18.5,loss,over,loss,-1.0,0.9345794392523364,-1.0,-1.0,True,12.5,False,-225.0,185.0,0.4444444444444444,-1.0,-1.0,0.8695652173913043,0.847457627118644,-1.0
JAX @ DEN,2026-09-20T20:05:00Z,45.5,49.3468698893592,3.8468698893591977,45.665516344383896,0.1655163443838958,0.5051039273319629,0.4948960726680371,0.5,0.5103927331962854,0.0,-105,fanduel,-107,lowvig,-1.3844713304263068,-4.258423324968518,over,-1.3844713304263068,0.0430262392917761,12.93703107690231,False,2026_02_JAX_DEN,2026,REG,2,2026-09-20,Sunday,16:05,JAX,13.0,DEN,20.0,Home,7.0,33.0,0.0,2026092008,60203.0,,202609200den,30630.0,401872940,7044.0,7,6,124.0,-148.0,2.5,-105.0,-115.0,45.5,-110.0,-110.0,0,outdoors,grass,73.0,12.0,00-0036971,00-0039732,Trevor Lawrence,Bo Nix,Liam Coen,Sean Payton,John Hussey,DEN00,Empower Field at Mile High,-2.5,24.0,21.5,2026-09-17T21:21:10Z,16.346869889359198,12.665516344383896,12.5,12.5,loss,over,loss,-1.0,0.9345794392523364,-1.0,-1.0,True,4.5,False,-148.0,124.0,0.6756756756756757,-1.0,-1.0,0.9090909090909091,0.8695652173913043,-1.0
LV @ LAC,2026-09-20T20:05:00Z,43.5,37.29107115140829,-6.208928848591711,43.23285314161488,-0.267146858385118,0.4917625147157363,0.5082374852842637,0.4891657638136511,0.2596750902085165,0.0,-102,lowvig,-107,williamhill_us,-2.6117372817855644,-1.6774210711751447,under,-1.6774210711751447,0.0430262392917761,12.93703107690231,False,2026_02_LV_LAC,2026,REG,2,2026-09-20,Sunday,16:05,LV,26.0,LAC,14.0,Home,-12.0,40.0,0.0,2026092009,60204.0,,202609200sdg,30631.0,401872941,7045.0,7,7,260.0,-325.0,6.5,102.0,-122.0,43.5,-110.0,-110.0,1,dome,matrixturf,,,00-0029604,00-0036355,Kirk Cousins,Justin Herbert,Klint Kubliak,Jim Harbaugh,Bill Vinovich,LAX01,SoFi Stadium,-6.5,25.0,18.5,2026-09-17T21:21:10Z,-2.708928848591711,3.232853141614882,3.5,3.5,loss,under,win,-1.0,0.9345794392523364,0.9345794392523364,0.9345794392523364,False,-18.5,False,-325.0,260.0,-1.0,2.6,-1.0,0.9090909090909091,-1.0,1.02
MIA @ SF,2026-09-20T20:25:00Z,45.0,42.20563200675697,-2.7943679932430285,44.879768854053445,-0.1202311459465548,0.4961773804667733,0.5038226195332266,0.498902546093064,-0.2725165626290715,0.0308282299663743,-102,lowvig,-109,williamhill_us,-1.6838591252436117,-3.290802754919442,over,-1.6838591252436117,0.0430262392917761,12.93703107690231,False,2026_02_MIA_SF,2026,REG,2,2026-09-20,Sunday,16:25,MIA,13.0,SF,35.0,Home,22.0,48.0,0.0,2026092012,60207.0,,202609200sfo,30634.0,401872942,7048.0,7,10,600.0,-900.0,12.5,-105.0,-115.0,44.5,-105.0,-115.0,0,outdoors,grass,69.0,5.0,00-0038128,00-0037834,Malik Willis,Brock Purdy,Jeff Hafley,Kyle Shanahan,Shawn Smith,SFO01,Levi's Stadium,-13.0,29.0,16.0,2026-09-17T21:21:10Z,-5.7943679932430285,-3.120231145946555,-3.0,-3.5,win,under,loss,0.9803921568627451,-1.0,-1.0,0.9803921568627451,True,9.5,True,-900.0,600.0,0.1111111111111111,-1.0,0.8695652173913043,-1.0,0.8695652173913043,-1.0
SEA @ ARI,2026-09-20T20:25:00Z,41.0,47.57470566921935,6.574705669219348,41.28288485939683,0.2828848593968303,0.5089933764783965,0.4910066235216034,0.5021648770349845,0.6828499443412017,0.0308221948643948,-110,betus,-104,lowvig,-2.7413554924536614,-3.573515874032383,over,-2.7413554924536614,0.0430262392917761,12.93703107690231,False,2026_02_SEA_ARI,2026,REG,2,2026-09-20,Sunday,16:25,SEA,31.0,ARI,7.0,Home,-24.0,38.0,0.0,2026092010,60205.0,,202609200crd,30632.0,401872943,7046.0,11,7,-218.0,180.0,-3.5,-120.0,100.0,40.5,-105.0,-115.0,1,closed,grass,,,00-0035704,00-0033119,Drew Lock,Jacoby Brissett,Mike Macdonald,Jonathan Gannon,Alan Eck,PHO00,State Farm Stadium,4.0,18.5,22.5,2026-09-17T21:21:09Z,9.574705669219348,3.2828848593968303,3.0,2.5,loss,over,loss,-1.0,0.9615384615384616,-1.0,-1.0,True,20.5,False,-218.0,180.0,0.45871559633027525,-1.0,-1.0,0.9523809523809523,0.8333333333333334,-1.0
WAS @ DAL,2026-09-20T20:25:00Z,50.5,44.316467063316495,-6.1835329366835055,50.23394583219768,-0.2660541678023236,0.4917962031190928,0.5082037968809072,0.5,-0.8203796880907221,0.0,-104,lowvig,-108,williamhill_us,-3.53228323433179,-2.1237131933067643,under,-2.1237131933067643,0.0430262392917761,12.93703107690231,False,2026_02_WAS_DAL,2026,REG,2,2026-09-20,Sunday,16:25,WAS,20.0,DAL,37.0,Home,17.0,57.0,0.0,2026092011,60206.0,,202609200dal,30633.0,401872944,7047.0,7,7,180.0,-218.0,3.5,100.0,-120.0,51.5,-115.0,-105.0,1,closed,matrixturf,,,00-0039910,00-0033077,Jayden Daniels,Dak Prescott,Dan Quinn,Brian Schottenheimer,Shawn Hochuli,DAL00,AT&T Stadium,-4.0,27.25,23.25,2026-09-17T21:21:10Z,-12.683532936683505,-6.7660541678023165,-6.5,-5.5,win,under,loss,0.9615384615384616,-1.0,-1.0,-1.0,True,13.5,True,-218.0,180.0,0.45871559633027525,-1.0,0.9523809523809523,-1.0,0.8333333333333334,-1.0
IND @ KC,2026-09-21T00:20:00Z,46.5,39.63703500093781,-6.862964999062193,46.20471242569926,-0.2952875743007368,0.4908949379841967,0.5091050620158033,0.4891657638136511,0.1729174170545577,0.0,-102,lowvig,-110,draftkings,-2.7835514972473163,-2.807215433346644,over,-2.7835514972473163,0.0430262392917761,12.93703107690231,False,2026_02_IND_KC,2026,REG,2,2026-09-20,Sunday,20:20,IND,30.0,KC,33.0,Home,3.0,63.0,1.0,2026092013,60208.0,,202609200kan,30636.0,401872945,7049.0,7,6,215.0,-265.0,6.0,-112.0,-108.0,46.5,-118.0,-102.0,0,outdoors,grass,71.0,10.0,00-0035710,00-0033873,Daniel Jones,Patrick Mahomes,Shane Steichen,Andy Reid,Craig Wrolstad,KAN00,GEHA Field at Arrowhead Stadium,-6.5,26.5,20.0,2026-09-17T21:21:10Z,-23.362964999062193,-16.795287574300737,-16.5,-16.5,win,under,loss,0.9803921568627451,-1.0,-1.0,0.9803921568627451,True,-3.0,True,-265.0,215.0,0.37735849056603776,-1.0,0.9803921568627451,-1.0,-1.0,0.8928571428571429
NYG @ LA,2026-09-22T00:15:00Z,48.0,49.68426590586478,1.6842659058647769,48.07246762789672,0.0724676278967209,0.5023040531228238,0.4976959468771762,0.5,0.2304053122823779,0.0308290772217408,-107,lowvig,-107,lowvig,-2.7381895536917797,-3.6021809691566244,over,-2.7381895536917797,0.0430262392917761,12.93703107690231,False,2026_02_NYG_LA,2026,REG,2,2026-09-21,Monday,20:15,NYG,6.0,LA,28.0,Home,22.0,34.0,0.0,2026092100,60209.0,,202609210ram,30637.0,401872947,7050.0,8,11,240.0,-298.0,6.5,-105.0,-115.0,47.5,-110.0,-110.0,0,dome,,,,00-0040691,00-0026498,Jaxson Dart,Matthew Stafford,John Harbaugh,Sean McVay,,LAX01,SoFi Stadium,-7.0,27.5,20.5,2026-09-17T21:21:09Z,15.684265905864777,14.072467627896721,14.0,13.5,loss,over,loss,-1.0,0.9345794392523364,-1.0,-1.0,True,15.5,False,-298.0,240.0,0.33557046979865773,-1.0,-1.0,0.9090909090909091,0.8695652173913043,-1.0
