game,commence_time,home_team,away_team,book,total_over_line,total_over_price,total_under_price,spread_home_line,spread_home_price,spread_away_price,totals_last_update,spreads_last_update
ATL @ GB,2026-09-25T00:15:00Z,GB,ATL,draftkings,44.5,-102,-118,-6.0,-112.0,-108.0,2026-09-22T09:46:37Z,2026-09-22T09:46:37Z
ATL @ GB,2026-09-25T00:15:00Z,GB,ATL,williamhill_us,44.5,-110,-109,-6.5,-108.0,-112.0,2026-09-22T09:45:36Z,2026-09-22T09:45:36Z
ATL @ GB,2026-09-25T00:15:00Z,GB,ATL,betus,44.5,-113,-107,-6.5,-110.0,-110.0,2026-09-22T09:46:17Z,2026-09-22T09:46:17Z
ATL @ GB,2026-09-25T00:15:00Z,GB,ATL,fanduel,44.5,-110,-110,-6.5,-102.0,-120.0,2026-09-22T09:46:37Z,2026-09-22T09:46:37Z
ATL @ GB,2026-09-25T00:15:00Z,GB,ATL,betrivers,44.0,-114,-107,-6.5,-109.0,-112.0,2026-09-22T09:46:37Z,2026-09-22T09:46:37Z
ATL @ GB,2026-09-25T00:15:00Z,GB,ATL,betonlineag,44.5,-113,-107,-6.5,-104.0,-116.0,2026-09-22T09:45:37Z,2026-09-22T09:45:37Z
ATL @ GB,2026-09-25T00:15:00Z,GB,ATL,lowvig,44.5,-110,-104,-6.5,101.0,-112.0,2026-09-22T09:45:41Z,2026-09-22T09:45:41Z
ATL @ GB,2026-09-25T00:15:00Z,GB,ATL,mybookieag,44.5,-110,-110,-6.5,-110.0,-110.0,2026-09-22T09:45:38Z,2026-09-22T09:45:38Z
ATL @ GB,2026-09-25T00:15:00Z,GB,ATL,fanatics,44.5,-110,-110,-6.0,-110.0,-110.0,2026-09-22T09:46:36Z,2026-09-22T09:46:36Z
ATL @ GB,2026-09-25T00:15:00Z,GB,ATL,betmgm,44.5,-108,-110,-6.5,-110.0,-108.0,2026-09-22T09:45:37Z,2026-09-22T09:45:37Z
ATL @ GB,2026-09-25T00:15:00Z,GB,ATL,bovada,44.5,-110,-110,-6.0,-115.0,-105.0,2026-09-22T09:39:15Z,2026-09-22T09:39:15Z
LAC @ BUF,2026-09-27T17:00:00Z,BUF,LAC,draftkings,50.5,-105,-115,-7.0,-112.0,-108.0,2026-09-22T09:46:37Z,2026-09-22T09:46:37Z
LAC @ BUF,2026-09-27T17:00:00Z,BUF,LAC,williamhill_us,50.5,-105,-115,-7.0,-113.0,-107.0,2026-09-22T09:45:36Z,2026-09-22T09:45:36Z
LAC @ BUF,2026-09-27T17:00:00Z,BUF,LAC,fanduel,50.5,-105,-115,-7.0,-115.0,-105.0,2026-09-22T09:46:37Z,2026-09-22T09:46:37Z
LAC @ BUF,2026-09-27T17:00:00Z,BUF,LAC,betrivers,50.5,-107,-114,-7.0,-115.0,-107.0,2026-09-22T09:46:37Z,2026-09-22T09:46:37Z
LAC @ BUF,2026-09-27T17:00:00Z,BUF,LAC,betus,50.5,-105,-115,-7.0,-110.0,-110.0,2026-09-22T09:46:17Z,2026-09-22T09:46:17Z
LAC @ BUF,2026-09-27T17:00:00Z,BUF,LAC,lowvig,50.5,-102,-113,-7.0,-105.0,-105.0,2026-09-22T09:45:41Z,2026-09-22T09:45:41Z
LAC @ BUF,2026-09-27T17:00:00Z,BUF,LAC,betonlineag,50.5,-105,-115,-7.0,-110.0,-110.0,2026-09-22T09:45:38Z,2026-09-22T09:45:38Z
LAC @ BUF,2026-09-27T17:00:00Z,BUF,LAC,mybookieag,50.0,-110,-110,-7.0,-110.0,-110.0,2026-09-22T09:45:38Z,2026-09-22T09:45:38Z
LAC @ BUF,2026-09-27T17:00:00Z,BUF,LAC,betmgm,50.0,-110,-108,-7.0,-110.0,-108.0,2026-09-22T09:45:37Z,2026-09-22T09:45:37Z
LAC @ BUF,2026-09-27T17:00:00Z,BUF,LAC,bovada,50.0,-110,-110,-7.0,-110.0,-110.0,2026-09-22T09:39:15Z,2026-09-22T09:39:15Z
LAC @ BUF,2026-09-27T17:00:00Z,BUF,LAC,fanatics,50.0,-110,-110,-7.0,-110.0,-110.0,2026-09-22T09:46:36Z,2026-09-22T09:46:36Z
CAR @ CLE,2026-09-27T17:00:00Z,CLE,CAR,draftkings,42.5,-108,-112,2.5,100.0,-120.0,2026-09-22T09:46:37Z,2026-09-22T09:46:37Z
CAR @ CLE,2026-09-27T17:00:00Z,CLE,CAR,williamhill_us,42.5,-107,-113,2.5,-102.0,-118.0,2026-09-22T09:45:36Z,2026-09-22T09:45:36Z
CAR @ CLE,2026-09-27T17:00:00Z,CLE,CAR,betus,42.0,-115,-105,3.0,-120.0,100.0,2026-09-22T09:46:17Z,2026-09-22T09:46:17Z
CAR @ CLE,2026-09-27T17:00:00Z,CLE,CAR,fanduel,41.5,-115,-105,2.5,-105.0,-115.0,2026-09-22T09:46:37Z,2026-09-22T09:46:37Z
CAR @ CLE,2026-09-27T17:00:00Z,CLE,CAR,betrivers,42.0,-109,-112,3.0,-114.0,-107.0,2026-09-22T09:46:37Z,2026-09-22T09:46:37Z
CAR @ CLE,2026-09-27T17:00:00Z,CLE,CAR,lowvig,42.0,-113,-102,3.0,-114.0,103.0,2026-09-22T09:45:41Z,2026-09-22T09:45:41Z
CAR @ CLE,2026-09-27T17:00:00Z,CLE,CAR,betonlineag,42.0,-115,-105,3.0,-118.0,-102.0,2026-09-22T09:45:37Z,2026-09-22T09:45:37Z
CAR @ CLE,2026-09-27T17:00:00Z,CLE,CAR,mybookieag,42.5,-110,-110,3.0,-110.0,-110.0,2026-09-22T09:45:38Z,2026-09-22T09:45:38Z
CAR @ CLE,2026-09-27T17:00:00Z,CLE,CAR,betmgm,42.5,-108,-110,3.0,-118.0,-102.0,2026-09-22T09:45:37Z,2026-09-22T09:45:37Z
CAR @ CLE,2026-09-27T17:00:00Z,CLE,CAR,bovada,42.0,-110,-110,3.0,-120.0,100.0,2026-09-22T09:39:15Z,2026-09-22T09:39:15Z
CAR @ CLE,2026-09-27T17:00:00Z,CLE,CAR,fanatics,42.5,-110,-110,2.5,100.0,-120.0,2026-09-22T09:46:36Z,2026-09-22T09:46:36Z
CIN @ PIT,2026-09-27T17:00:00Z,PIT,CIN,draftkings,42.5,-110,-110,3.5,-105.0,-115.0,2026-09-22T09:46:37Z,2026-09-22T09:46:37Z
CIN @ PIT,2026-09-27T17:00:00Z,PIT,CIN,williamhill_us,42.5,-113,-107,3.5,-112.0,-108.0,2026-09-22T09:45:36Z,2026-09-22T09:45:36Z
CIN @ PIT,2026-09-27T17:00:00Z,PIT,CIN,betus,42.0,-110,-110,3.5,-110.0,-110.0,2026-09-22T09:46:17Z,2026-09-22T09:46:17Z
CIN @ PIT,2026-09-27T17:00:00Z,PIT,CIN,fanduel,42.5,-112,-108,3.5,-112.0,-108.0,2026-09-22T09:46:37Z,2026-09-22T09:46:37Z
CIN @ PIT,2026-09-27T17:00:00Z,PIT,CIN,betrivers,42.5,-110,-110,3.5,-108.0,-113.0,2026-09-22T09:46:37Z,2026-09-22T09:46:37Z
CIN @ PIT,2026-09-27T17:00:00Z,PIT,CIN,lowvig,42.0,-109,-105,3.5,-110.0,100.0,2026-09-22T09:45:41Z,2026-09-22T09:45:41Z
CIN @ PIT,2026-09-27T17:00:00Z,PIT,CIN,betonlineag,42.0,-112,-108,3.5,-115.0,-105.0,2026-09-22T09:45:37Z,2026-09-22T09:45:37Z
CIN @ PIT,2026-09-27T17:00:00Z,PIT,CIN,mybookieag,42.5,-110,-110,3.5,-110.0,-110.0,2026-09-22T09:45:38Z,2026-09-22T09:45:38Z
CIN @ PIT,2026-09-27T17:00:00Z,PIT,CIN,betmgm,42.5,-110,-110,3.5,-110.0,-108.0,2026-09-22T09:45:37Z,2026-09-22T09:45:37Z
CIN @ PIT,2026-09-27T17:00:00Z,PIT,CIN,bovada,42.5,-105,-115,3.5,-115.0,-105.0,2026-09-22T09:39:15Z,2026-09-22T09:39:15Z
CIN @ PIT,2026-09-27T17:00:00Z,PIT,CIN,fanatics,42.5,-110,-110,3.5,-115.0,-105.0,2026-09-22T09:46:36Z,2026-09-22T09:46:36Z
NYJ @ DET,2026-09-27T17:00:00Z,DET,NYJ,draftkings,48.5,-105,-115,-6.5,-110.0,-110.0,2026-09-22T09:46:37Z,2026-09-22T09:46:37Z
NYJ @ DET,2026-09-27T17:00:00Z,DET,NYJ,williamhill_us,48.0,-113,-107,-6.5,-117.0,-104.0,2026-09-22T09:45:36Z,2026-09-22T09:45:36Z
NYJ @ DET,2026-09-27T17:00:00Z,DET,NYJ,fanduel,48.5,-105,-115,-6.5,-120.0,-102.0,2026-09-22T09:46:37Z,2026-09-22T09:46:37Z
NYJ @ DET,2026-09-27T17:00:00Z,DET,NYJ,betrivers,48.0,-109,-112,-6.5,-117.0,-105.0,2026-09-22T09:46:37Z,2026-09-22T09:46:37Z
NYJ @ DET,2026-09-27T17:00:00Z,DET,NYJ,lowvig,48.0,-113,-102,-6.5,-108.0,-102.0,2026-09-22T09:45:41Z,2026-09-22T09:45:41Z
NYJ @ DET,2026-09-27T17:00:00Z,DET,NYJ,betus,48.0,-110,-110,-6.5,-115.0,-105.0,2026-09-22T09:46:17Z,2026-09-22T09:46:17Z
NYJ @ DET,2026-09-27T17:00:00Z,DET,NYJ,betonlineag,48.0,-115,-105,-6.5,-113.0,-107.0,2026-09-22T09:45:37Z,2026-09-22T09:45:37Z
NYJ @ DET,2026-09-27T17:00:00Z,DET,NYJ,mybookieag,48.0,-110,-110,-6.5,-120.0,100.0,2026-09-22T09:45:38Z,2026-09-22T09:45:38Z
NYJ @ DET,2026-09-27T17:00:00Z,DET,NYJ,betmgm,48.0,-110,-108,-6.5,-112.0,-105.0,2026-09-22T09:45:37Z,2026-09-22T09:45:37Z
NYJ @ DET,2026-09-27T17:00:00Z,DET,NYJ,bovada,48.0,-115,-105,-6.5,-120.0,100.0,2026-09-22T09:39:15Z,2026-09-22T09:39:15Z
NYJ @ DET,2026-09-27T17:00:00Z,DET,NYJ,fanatics,48.5,-105,-115,-6.5,-115.0,-105.0,2026-09-22T09:46:36Z,2026-09-22T09:46:36Z
HOU @ IND,2026-09-27T17:00:00Z,IND,HOU,draftkings,43.5,-110,-110,2.5,-105.0,-115.0,2026-09-22T09:46:37Z,2026-09-22T09:46:37Z
HOU @ IND,2026-09-27T17:00:00Z,IND,HOU,williamhill_us,43.5,-114,-106,2.5,-103.0,-117.0,2026-09-22T09:45:36Z,2026-09-22T09:45:36Z
HOU @ IND,2026-09-27T17:00:00Z,IND,HOU,betus,43.5,-110,-110,3.0,-120.0,100.0,2026-09-22T09:46:17Z,2026-09-22T09:46:17Z
HOU @ IND,2026-09-27T17:00:00Z,IND,HOU,fanduel,43.5,-110,-110,2.5,100.0,-122.0,2026-09-22T09:46:37Z,2026-09-22T09:46:37Z
HOU @ IND,2026-09-27T17:00:00Z,IND,HOU,betrivers,43.5,-112,-109,3.0,-114.0,-107.0,2026-09-22T09:46:37Z,2026-09-22T09:46:37Z
HOU @ IND,2026-09-27T17:00:00Z,IND,HOU,lowvig,43.5,-107,-107,3.0,-117.0,106.0,2026-09-22T09:45:41Z,2026-09-22T09:45:41Z
HOU @ IND,2026-09-27T17:00:00Z,IND,HOU,betonlineag,43.5,-110,-110,3.0,-120.0,100.0,2026-09-22T09:45:37Z,2026-09-22T09:45:37Z
HOU @ IND,2026-09-27T17:00:00Z,IND,HOU,mybookieag,43.5,-110,-110,2.5,-105.0,-115.0,2026-09-22T09:45:38Z,2026-09-22T09:45:38Z
HOU @ IND,2026-09-27T17:00:00Z,IND,HOU,betmgm,43.5,-108,-110,3.0,-118.0,100.0,2026-09-22T09:45:37Z,2026-09-22T09:45:37Z
HOU @ IND,2026-09-27T17:00:00Z,IND,HOU,bovada,43.5,-110,-110,2.5,-105.0,-115.0,2026-09-22T09:39:15Z,2026-09-22T09:39:15Z
HOU @ IND,2026-09-27T17:00:00Z,IND,HOU,fanatics,43.5,-105,-115,2.5,100.0,-120.0,2026-09-22T09:46:36Z,2026-09-22T09:46:36Z
NE @ JAX,2026-09-27T17:00:00Z,JAX,NE,draftkings,45.5,-112,-108,-3.0,-108.0,-112.0,2026-09-22T09:46:37Z,2026-09-22T09:46:37Z
NE @ JAX,2026-09-27T17:00:00Z,JAX,NE,williamhill_us,45.5,-107,-113,-3.0,-105.0,-115.0,2026-09-22T09:45:36Z,2026-09-22T09:45:36Z
NE @ JAX,2026-09-27T17:00:00Z,JAX,NE,betus,45.5,-110,-110,-3.0,-105.0,-115.0,2026-09-22T09:46:17Z,2026-09-22T09:46:17Z
NE @ JAX,2026-09-27T17:00:00Z,JAX,NE,fanduel,45.5,-105,-115,-2.5,-122.0,100.0,2026-09-22T09:46:37Z,2026-09-22T09:46:37Z
NE @ JAX,2026-09-27T17:00:00Z,JAX,NE,betrivers,45.0,-112,-109,-3.0,-108.0,-113.0,2026-09-22T09:46:37Z,2026-09-22T09:46:37Z
NE @ JAX,2026-09-27T17:00:00Z,JAX,NE,lowvig,45.5,-107,-107,-3.0,-105.0,-105.0,2026-09-22T09:45:41Z,2026-09-22T09:45:41Z
NE @ JAX,2026-09-27T17:00:00Z,JAX,NE,betonlineag,45.5,-110,-110,-3.0,-110.0,-110.0,2026-09-22T09:45:37Z,2026-09-22T09:45:37Z
NE @ JAX,2026-09-27T17:00:00Z,JAX,NE,mybookieag,45.5,-110,-110,-3.0,-110.0,-110.0,2026-09-22T09:45:38Z,2026-09-22T09:45:38Z
NE @ JAX,2026-09-27T17:00:00Z,JAX,NE,betmgm,45.5,-108,-110,-3.0,-110.0,-108.0,2026-09-22T09:45:37Z,2026-09-22T09:45:37Z
NE @ JAX,2026-09-27T17:00:00Z,JAX,NE,bovada,45.0,-115,-105,-3.0,-110.0,-110.0,2026-09-22T09:39:15Z,2026-09-22T09:39:15Z
NE @ JAX,2026-09-27T17:00:00Z,JAX,NE,fanatics,45.5,-105,-115,-3.0,-110.0,-110.0,2026-09-22T09:46:36Z,2026-09-22T09:46:36Z
KC @ MIA,2026-09-27T17:00:00Z,MIA,KC,draftkings,45.5,-115,-105,11.5,-112.0,-108.0,2026-09-22T09:46:37Z,2026-09-22T09:46:37Z
KC @ MIA,2026-09-27T17:00:00Z,MIA,KC,williamhill_us,45.5,-112,-108,11.5,-109.0,-109.0,2026-09-22T09:45:36Z,2026-09-22T09:45:36Z
KC @ MIA,2026-09-27T17:00:00Z,MIA,KC,betus,46.0,-110,-110,11.5,-110.0,-110.0,2026-09-22T09:46:17Z,2026-09-22T09:46:17Z
KC @ MIA,2026-09-27T17:00:00Z,MIA,KC,fanduel,45.5,-115,-105,10.5,-104.0,-118.0,2026-09-22T09:46:37Z,2026-09-22T09:46:37Z
KC @ MIA,2026-09-27T17:00:00Z,MIA,KC,betrivers,45.5,-112,-109,10.5,-108.0,-113.0,2026-09-22T09:46:37Z,2026-09-22T09:46:37Z
KC @ MIA,2026-09-27T17:00:00Z,MIA,KC,lowvig,46.0,-107,-107,11.5,-107.0,-103.0,2026-09-22T09:45:41Z,2026-09-22T09:45:41Z
KC @ MIA,2026-09-27T17:00:00Z,MIA,KC,betonlineag,46.0,-110,-110,11.5,-110.0,-110.0,2026-09-22T09:45:37Z,2026-09-22T09:45:37Z
KC @ MIA,2026-09-27T17:00:00Z,MIA,KC,mybookieag,46.0,-110,-110,11.5,-110.0,-110.0,2026-09-22T09:45:38Z,2026-09-22T09:45:38Z
KC @ MIA,2026-09-27T17:00:00Z,MIA,KC,betmgm,46.0,-110,-108,12.0,-110.0,-108.0,2026-09-22T09:45:37Z,2026-09-22T09:45:37Z
KC @ MIA,2026-09-27T17:00:00Z,MIA,KC,bovada,45.5,-115,-105,11.5,-110.0,-110.0,2026-09-22T09:39:15Z,2026-09-22T09:39:15Z
KC @ MIA,2026-09-27T17:00:00Z,MIA,KC,fanatics,46.0,-110,-110,11.5,-110.0,-110.0,2026-09-22T09:46:36Z,2026-09-22T09:46:36Z
TEN @ NYG,2026-09-27T17:00:00Z,NYG,TEN,draftkings,40.5,-108,-112,-3.5,-105.0,-115.0,2026-09-22T09:46:37Z,2026-09-22T09:46:37Z
TEN @ NYG,2026-09-27T17:00:00Z,NYG,TEN,fanduel,40.5,-105,-115,-3.5,-105.0,-115.0,2026-09-22T09:46:37Z,2026-09-22T09:46:37Z
SEA @ WAS,2026-09-27T17:00:00Z,WAS,SEA,draftkings,40.5,-102,-118,7.0,-115.0,-105.0,2026-09-22T09:46:37Z,2026-09-22T09:46:37Z
SEA @ WAS,2026-09-27T17:00:00Z,WAS,SEA,williamhill_us,40.5,-107,-113,7.0,-115.0,-105.0,2026-09-22T09:45:36Z,2026-09-22T09:45:36Z
SEA @ WAS,2026-09-27T17:00:00Z,WAS,SEA,betus,40.0,-110,-110,7.0,-115.0,-105.0,2026-09-22T09:46:17Z,2026-09-22T09:46:17Z
SEA @ WAS,2026-09-27T17:00:00Z,WAS,SEA,fanduel,40.5,-108,-112,6.5,100.0,-122.0,2026-09-22T09:46:37Z,2026-09-22T09:46:37Z
SEA @ WAS,2026-09-27T17:00:00Z,WAS,SEA,betrivers,40.0,-110,-110,7.0,-112.0,-109.0,2026-09-22T09:46:37Z,2026-09-22T09:46:37Z
SEA @ WAS,2026-09-27T17:00:00Z,WAS,SEA,lowvig,40.0,-113,-102,7.0,-110.0,100.0,2026-09-22T09:45:41Z,2026-09-22T09:45:41Z
SEA @ WAS,2026-09-27T17:00:00Z,WAS,SEA,betonlineag,40.0,-115,-105,7.0,-115.0,-105.0,2026-09-22T09:45:37Z,2026-09-22T09:45:37Z
SEA @ WAS,2026-09-27T17:00:00Z,WAS,SEA,mybookieag,40.0,-110,-110,7.0,-110.0,-110.0,2026-09-22T09:45:38Z,2026-09-22T09:45:38Z
SEA @ WAS,2026-09-27T17:00:00Z,WAS,SEA,betmgm,40.0,-110,-108,7.0,-108.0,-110.0,2026-09-22T09:45:37Z,2026-09-22T09:45:37Z
SEA @ WAS,2026-09-27T17:00:00Z,WAS,SEA,bovada,40.5,-105,-115,7.0,-115.0,-105.0,2026-09-22T09:39:15Z,2026-09-22T09:39:15Z
SEA @ WAS,2026-09-27T17:00:00Z,WAS,SEA,fanatics,40.5,-105,-115,7.0,-115.0,-105.0,2026-09-22T09:46:36Z,2026-09-22T09:46:36Z
ARI @ SF,2026-09-27T20:05:00Z,SF,ARI,draftkings,47.5,-115,-105,-8.5,-105.0,-115.0,2026-09-22T09:46:37Z,2026-09-22T09:46:37Z
ARI @ SF,2026-09-27T20:05:00Z,SF,ARI,williamhill_us,47.5,-117,-103,-7.5,-106.0,-113.0,2026-09-22T09:45:36Z,2026-09-22T09:45:36Z
ARI @ SF,2026-09-27T20:05:00Z,SF,ARI,betus,48.0,-110,-110,-9.0,100.0,-120.0,2026-09-22T09:46:17Z,2026-09-22T09:46:17Z
ARI @ SF,2026-09-27T20:05:00Z,SF,ARI,fanduel,47.5,-115,-105,-8.5,-110.0,-110.0,2026-09-22T09:46:37Z,2026-09-22T09:46:37Z
ARI @ SF,2026-09-27T20:05:00Z,SF,ARI,betrivers,48.0,-107,-114,-8.0,-113.0,-108.0,2026-09-22T09:46:37Z,2026-09-22T09:46:37Z
ARI @ SF,2026-09-27T20:05:00Z,SF,ARI,lowvig,48.0,-107,-107,-8.5,-101.0,-109.0,2026-09-22T09:45:41Z,2026-09-22T09:45:41Z
ARI @ SF,2026-09-27T20:05:00Z,SF,ARI,betonlineag,48.0,-110,-110,-8.5,-110.0,-110.0,2026-09-22T09:45:38Z,2026-09-22T09:45:38Z
ARI @ SF,2026-09-27T20:05:00Z,SF,ARI,mybookieag,48.0,-110,-110,-8.5,-110.0,-110.0,2026-09-22T09:45:38Z,2026-09-22T09:45:38Z
ARI @ SF,2026-09-27T20:05:00Z,SF,ARI,betmgm,48.0,-108,-112,-8.5,-108.0,-110.0,2026-09-22T09:45:37Z,2026-09-22T09:45:37Z
ARI @ SF,2026-09-27T20:05:00Z,SF,ARI,bovada,48.0,-110,-110,-8.0,-110.0,-110.0,2026-09-22T09:39:15Z,2026-09-22T09:39:15Z
ARI @ SF,2026-09-27T20:05:00Z,SF,ARI,fanatics,48.0,-110,-110,-8.5,-105.0,-115.0,2026-09-22T09:46:36Z,2026-09-22T09:46:36Z
MIN @ TB,2026-09-27T20:05:00Z,TB,MIN,draftkings,42.5,-118,-102,1.5,-110.0,-110.0,2026-09-22T09:46:37Z,2026-09-22T09:46:37Z
MIN @ TB,2026-09-27T20:05:00Z,TB,MIN,williamhill_us,42.5,-118,-102,1.5,-106.0,-114.0,2026-09-22T09:45:36Z,2026-09-22T09:45:36Z
MIN @ TB,2026-09-27T20:05:00Z,TB,MIN,betus,43.0,-110,-110,1.0,-105.0,-115.0,2026-09-22T09:46:17Z,2026-09-22T09:46:17Z
MIN @ TB,2026-09-27T20:05:00Z,TB,MIN,fanduel,43.5,-108,-112,1.5,-110.0,-110.0,2026-09-22T09:46:37Z,2026-09-22T09:46:37Z
MIN @ TB,2026-09-27T20:05:00Z,TB,MIN,betrivers,43.0,-109,-112,1.5,-108.0,-113.0,2026-09-22T09:46:37Z,2026-09-22T09:46:37Z
MIN @ TB,2026-09-27T20:05:00Z,TB,MIN,lowvig,43.0,-105,-109,1.0,100.0,-110.0,2026-09-22T09:45:41Z,2026-09-22T09:45:41Z
MIN @ TB,2026-09-27T20:05:00Z,TB,MIN,betonlineag,43.0,-108,-112,1.0,-105.0,-115.0,2026-09-22T09:45:38Z,2026-09-22T09:45:38Z
MIN @ TB,2026-09-27T20:05:00Z,TB,MIN,mybookieag,43.0,-110,-110,1.5,-110.0,-110.0,2026-09-22T09:45:38Z,2026-09-22T09:45:38Z
MIN @ TB,2026-09-27T20:05:00Z,TB,MIN,betmgm,43.0,-110,-108,1.5,-110.0,-108.0,2026-09-22T09:45:37Z,2026-09-22T09:45:37Z
MIN @ TB,2026-09-27T20:05:00Z,TB,MIN,bovada,42.5,-120,100,1.5,-110.0,-110.0,2026-09-22T09:39:15Z,2026-09-22T09:39:15Z
MIN @ TB,2026-09-27T20:05:00Z,TB,MIN,fanatics,43.0,-110,-110,1.5,-110.0,-110.0,2026-09-22T09:46:36Z,2026-09-22T09:46:36Z
BAL @ DAL,2026-09-27T20:25:00Z,DAL,BAL,draftkings,52.5,-112,-108,3.0,-112.0,-108.0,2026-09-22T09:46:37Z,2026-09-22T09:46:37Z
BAL @ DAL,2026-09-27T20:25:00Z,DAL,BAL,williamhill_us,52.5,-106,-114,3.0,-115.0,-104.0,2026-09-22T09:45:36Z,2026-09-22T09:45:36Z
BAL @ DAL,2026-09-27T20:25:00Z,DAL,BAL,fanduel,52.5,-108,-112,3.0,-118.0,-104.0,2026-09-22T09:46:37Z,2026-09-22T09:46:37Z
BAL @ DAL,2026-09-27T20:25:00Z,DAL,BAL,betmgm,52.5,-108,-110,3.0,-110.0,-108.0,2026-09-22T09:45:37Z,2026-09-22T09:45:37Z
BAL @ DAL,2026-09-27T20:25:00Z,DAL,BAL,bovada,52.5,-115,-105,3.0,-115.0,-105.0,2026-09-22T09:39:15Z,2026-09-22T09:39:15Z
BAL @ DAL,2026-09-27T20:25:00Z,DAL,BAL,betrivers,52.5,-109,-112,3.0,-114.0,-107.0,2026-09-22T09:46:37Z,2026-09-22T09:46:37Z
BAL @ DAL,2026-09-27T20:25:00Z,DAL,BAL,fanatics,52.5,-110,-110,3.0,-115.0,-105.0,2026-09-22T09:46:36Z,2026-09-22T09:46:36Z
BAL @ DAL,2026-09-27T20:25:00Z,DAL,BAL,betus,52.5,-110,-110,3.0,-110.0,-110.0,2026-09-22T09:46:17Z,2026-09-22T09:46:17Z
BAL @ DAL,2026-09-27T20:25:00Z,DAL,BAL,mybookieag,52.5,-110,-110,3.0,-110.0,-110.0,2026-09-22T09:45:38Z,2026-09-22T09:45:38Z
BAL @ DAL,2026-09-27T20:25:00Z,DAL,BAL,lowvig,52.5,-107,-107,3.0,-109.0,-101.0,2026-09-22T09:45:41Z,2026-09-22T09:45:41Z
BAL @ DAL,2026-09-27T20:25:00Z,DAL,BAL,betonlineag,52.5,-110,-110,3.0,-114.0,-106.0,2026-09-22T09:45:38Z,2026-09-22T09:45:38Z
LV @ NO,2026-09-27T20:25:00Z,NO,LV,draftkings,43.5,-112,-108,-3.0,-120.0,100.0,2026-09-22T09:46:37Z,2026-09-22T09:46:37Z
LV @ NO,2026-09-27T20:25:00Z,NO,LV,williamhill_us,43.5,-115,-106,-3.0,-118.0,-102.0,2026-09-22T09:45:36Z,2026-09-22T09:45:36Z
LV @ NO,2026-09-27T20:25:00Z,NO,LV,betus,43.5,-110,-110,-3.0,-120.0,100.0,2026-09-22T09:46:17Z,2026-09-22T09:46:17Z
LV @ NO,2026-09-27T20:25:00Z,NO,LV,fanduel,44.5,-104,-118,-3.0,-115.0,-105.0,2026-09-22T09:46:37Z,2026-09-22T09:46:37Z
LV @ NO,2026-09-27T20:25:00Z,NO,LV,betrivers,43.5,-109,-112,-3.0,-118.0,-104.0,2026-09-22T09:46:37Z,2026-09-22T09:46:37Z
LV @ NO,2026-09-27T20:25:00Z,NO,LV,lowvig,43.5,-107,-107,-3.0,-116.0,105.0,2026-09-22T09:45:41Z,2026-09-22T09:45:41Z
LV @ NO,2026-09-27T20:25:00Z,NO,LV,betonlineag,43.5,-110,-110,-3.0,-120.0,100.0,2026-09-22T09:45:38Z,2026-09-22T09:45:38Z
LV @ NO,2026-09-27T20:25:00Z,NO,LV,mybookieag,43.5,-110,-110,-3.5,100.0,-120.0,2026-09-22T09:45:38Z,2026-09-22T09:45:38Z
LV @ NO,2026-09-27T20:25:00Z,NO,LV,betmgm,43.5,-112,-105,-3.0,-118.0,-102.0,2026-09-22T09:45:37Z,2026-09-22T09:45:37Z
LV @ NO,2026-09-27T20:25:00Z,NO,LV,bovada,43.5,-110,-110,-3.0,-120.0,100.0,2026-09-22T09:39:15Z,2026-09-22T09:39:15Z
LV @ NO,2026-09-27T20:25:00Z,NO,LV,fanatics,43.5,-110,-110,-3.5,100.0,-120.0,2026-09-22T09:46:36Z,2026-09-22T09:46:36Z
LA @ DEN,2026-09-28T00:20:00Z,DEN,LA,draftkings,45.5,-115,-105,2.5,-115.0,-105.0,2026-09-22T09:46:37Z,2026-09-22T09:46:37Z
LA @ DEN,2026-09-28T00:20:00Z,DEN,LA,williamhill_us,45.5,-112,-108,2.5,-112.0,-108.0,2026-09-22T09:45:36Z,2026-09-22T09:45:36Z
LA @ DEN,2026-09-28T00:20:00Z,DEN,LA,fanduel,45.5,-110,-110,2.5,-106.0,-114.0,2026-09-22T09:46:37Z,2026-09-22T09:46:37Z
LA @ DEN,2026-09-28T00:20:00Z,DEN,LA,betmgm,45.5,-110,-108,2.5,-110.0,-108.0,2026-09-22T09:45:37Z,2026-09-22T09:45:37Z
LA @ DEN,2026-09-28T00:20:00Z,DEN,LA,bovada,45.5,-115,-105,2.5,-115.0,-105.0,2026-09-22T09:39:15Z,2026-09-22T09:39:15Z
LA @ DEN,2026-09-28T00:20:00Z,DEN,LA,fanatics,45.5,-110,-110,2.5,-110.0,-110.0,2026-09-22T09:46:36Z,2026-09-22T09:46:36Z
PHI @ CHI,2026-09-29T00:15:00Z,CHI,PHI,draftkings,44.5,-108,-112,3.0,-105.0,-115.0,2026-09-22T09:46:37Z,2026-09-22T09:46:37Z
PHI @ CHI,2026-09-29T00:15:00Z,CHI,PHI,williamhill_us,44.5,-107,-114,3.0,-103.0,-118.0,2026-09-22T09:45:36Z,2026-09-22T09:45:36Z
PHI @ CHI,2026-09-29T00:15:00Z,CHI,PHI,fanduel,43.5,-115,-105,3.5,-122.0,100.0,2026-09-22T09:46:37Z,2026-09-22T09:46:37Z
PHI @ CHI,2026-09-29T00:15:00Z,CHI,PHI,betrivers,43.5,-112,-109,3.0,-106.0,-115.0,2026-09-22T09:46:37Z,2026-09-22T09:46:37Z
PHI @ CHI,2026-09-29T00:15:00Z,CHI,PHI,betus,44.5,-110,-110,3.5,-120.0,100.0,2026-09-22T09:46:17Z,2026-09-22T09:46:17Z
PHI @ CHI,2026-09-29T00:15:00Z,CHI,PHI,lowvig,44.0,-110,-104,3.5,-120.0,109.0,2026-09-22T09:45:41Z,2026-09-22T09:45:41Z
PHI @ CHI,2026-09-29T00:15:00Z,CHI,PHI,betonlineag,44.0,-113,-107,3.5,-120.0,100.0,2026-09-22T09:45:38Z,2026-09-22T09:45:38Z
PHI @ CHI,2026-09-29T00:15:00Z,CHI,PHI,mybookieag,44.0,-110,-110,3.5,-120.0,100.0,2026-09-22T09:45:38Z,2026-09-22T09:45:38Z
PHI @ CHI,2026-09-29T00:15:00Z,CHI,PHI,betmgm,44.5,-105,-112,,,,2026-09-22T09:45:37Z,
PHI @ CHI,2026-09-29T00:15:00Z,CHI,PHI,bovada,44.5,-110,-110,3.0,-105.0,-115.0,2026-09-22T09:39:15Z,2026-09-22T09:39:15Z
