season,week,team,full_name,name_std,position,source_status,practice_status,availability,retrieved_at
2026,3,GB,Aaron Banks,aaronbanks,G,Out,Did Not Participate In Practice,0.0,2026-09-26T13:06:12+00:00
2026,3,LA,Aaron Donald,aarondonald,DT,,Did Not Participate In Practice,0.85,2026-09-26T13:06:12+00:00
2026,3,NYJ,Adonai Mitchell,adonaimitchell,WR,Questionable,Limited Participation in Practice,0.65,2026-09-26T13:06:12+00:00
2026,3,LV,Aidan O'Connell,aidanoconnell,QB,Questionable,Did Not Participate In Practice,0.65,2026-09-26T13:06:12+00:00
2026,3,ATL,A.J. Terrell,ajterrell,CB,,Did Not Participate In Practice,0.85,2026-09-26T13:06:12+00:00
2026,3,JAX,Albert Regis,albertregis,DT,Doubtful,Limited Participation in Practice,0.15,2026-09-26T13:06:12+00:00
2026,3,IND,Alec Pierce,alecpierce,WR,Out,Did Not Participate In Practice,0.0,2026-09-26T13:06:12+00:00
2026,3,CIN,Andrei Iosivas,andreiiosivas,WR,Out,Did Not Participate In Practice,0.0,2026-09-26T13:06:12+00:00
2026,3,NYG,Andrew Thomas,andrewthomas,T,,Limited Participation in Practice,0.95,2026-09-26T13:06:12+00:00
2026,3,GB,Anthony Campbell,anthonycampbell,DT,Questionable,Limited Participation in Practice,0.65,2026-09-26T13:06:12+00:00
2026,3,BUF,Ar'maj Reed-Adams,armajreedadams,G,Questionable,Limited Participation in Practice,0.65,2026-09-26T13:06:12+00:00
2026,3,IND,Ashton Dulin,ashtondulin,WR,Out,Did Not Participate In Practice,0.0,2026-09-26T13:06:12+00:00
2026,3,NO,Barion Brown,barionbrown,WR,Out,Did Not Participate In Practice,0.0,2026-09-26T13:06:12+00:00
2026,3,DET,Ben Bartch,benbartch,G,Out,Did Not Participate In Practice,0.0,2026-09-26T13:06:12+00:00
2026,3,ATL,Billy Bowman Jr.,billybowman,CB,Questionable,Full Participation in Practice,0.65,2026-09-26T13:06:12+00:00
2026,3,CIN,B.J. Hill,bjhill,DT,Doubtful,Did Not Participate In Practice,0.15,2026-09-26T13:06:12+00:00
2026,3,SEA,Brandon Pili,brandonpili,DT,Questionable,Limited Participation in Practice,0.65,2026-09-26T13:06:12+00:00
2026,3,NE,Brenden Schooler,brendenschooler,S,Out,Limited Participation in Practice,0.0,2026-09-26T13:06:12+00:00
2026,3,LAC,Brenen Thompson,brenenthompson,WR,Out,Did Not Participate In Practice,0.0,2026-09-26T13:06:12+00:00
2026,3,MIN,Brett Thorson,brettthorson,P,Out,Did Not Participate In Practice,0.0,2026-09-26T13:06:12+00:00
2026,3,NYG,Brian Burns,brianburns,LB,Questionable,Did Not Participate In Practice,0.65,2026-09-26T13:06:12+00:00
2026,3,LV,Brock Bowers,brockbowers,TE,Questionable,Did Not Participate In Practice,0.65,2026-09-26T13:06:12+00:00
2026,3,LA,Byron Young,byronyoung,LB,,Did Not Participate In Practice,0.85,2026-09-26T13:06:12+00:00
2026,3,CHI,Cairo Santos,cairosantos,K,,Did Not Participate In Practice,0.85,2026-09-26T13:06:12+00:00
2026,3,MIA,Caleb Douglas,calebdouglas,WR,Out,Did Not Participate In Practice,0.0,2026-09-26T13:06:12+00:00
2026,3,CHI,Caleb Williams,calebwilliams,QB,,Did Not Participate In Practice,0.85,2026-09-26T13:06:12+00:00
2026,3,KC,Chamarri Conner,chamarriconner,S,Doubtful,Limited Participation in Practice,0.15,2026-09-26T13:06:12+00:00
2026,3,LAC,Charlie Kolar,charliekolar,TE,Out,Did Not Participate In Practice,0.0,2026-09-26T13:06:12+00:00
2026,3,IND,Charvarius Ward,charvariusward,CB,Questionable,Full Participation in Practice,0.65,2026-09-26T13:06:12+00:00
2026,3,WAS,Chig Okonkwo,chigokonkwo,TE,Out,Did Not Participate In Practice,0.0,2026-09-26T13:06:12+00:00
2026,3,KC,Chris Jones,chrisjones,DT,,Limited Participation in Practice,0.95,2026-09-26T13:06:12+00:00
2026,3,NO,Christen Miller,christenmiller,DT,Out,Did Not Participate In Practice,0.0,2026-09-26T13:06:12+00:00
2026,3,MIN,Christian Darrisaw,christiandarrisaw,T,,Did Not Participate In Practice,0.85,2026-09-26T13:06:12+00:00
2026,3,CAR,Claudin Cherelus,claudincherelus,LB,Out,Did Not Participate In Practice,0.0,2026-09-26T13:06:12+00:00
2026,3,DAL,Cobie Durant,cobiedurant,CB,Out,Did Not Participate In Practice,0.0,2026-09-26T13:06:12+00:00
2026,3,LA,Colby Parkinson,colbyparkinson,TE,Questionable,Did Not Participate In Practice,0.65,2026-09-26T13:06:12+00:00
2026,3,SEA,Cooper Kupp,cooperkupp,WR,,Limited Participation in Practice,0.95,2026-09-26T13:06:12+00:00
2026,3,TEN,Cordale Flott,cordaleflott,CB,Questionable,Limited Participation in Practice,0.65,2026-09-26T13:06:12+00:00
2026,3,NE,Craig Woodson,craigwoodson,S,Questionable,Limited Participation in Practice,0.65,2026-09-26T13:06:12+00:00
2026,3,ARI,Dadrion Taylor-Demerson,dadriontaylordemerson,S,Out,Did Not Participate In Practice,0.0,2026-09-26T13:06:12+00:00
2026,3,PHI,Dallas Goedert,dallasgoedert,TE,,Did Not Participate In Practice,0.85,2026-09-26T13:06:12+00:00
2026,3,HOU,Dalton Schultz,daltonschultz,TE,,Did Not Participate In Practice,0.85,2026-09-26T13:06:12+00:00
2026,3,LAC,Dalvin Tomlinson,dalvintomlinson,DT,Out,Did Not Participate In Practice,0.0,2026-09-26T13:06:12+00:00
2026,3,TEN,Daniel Bellinger,danielbellinger,TE,,Limited Participation in Practice,0.95,2026-09-26T13:06:12+00:00
2026,3,JAX,DaVon Hamilton,davonhamilton,DT,,Limited Participation in Practice,0.95,2026-09-26T13:06:12+00:00
2026,3,IND,DeForest Buckner,deforestbuckner,DT,,Did Not Participate In Practice,0.85,2026-09-26T13:06:12+00:00
2026,3,SF,Demarcus Robinson,demarcusrobinson,WR,Out,Did Not Participate In Practice,0.0,2026-09-26T13:06:12+00:00
2026,3,DAL,DeMarvion Overshown,demarvionovershown,LB,Out,Did Not Participate In Practice,0.0,2026-09-26T13:06:12+00:00
2026,3,NYG,Deonte Banks,deontebanks,CB,Questionable,Limited Participation in Practice,0.65,2026-09-26T13:06:12+00:00
2026,3,CAR,Devin Lloyd,devinlloyd,LB,Out,Did Not Participate In Practice,0.0,2026-09-26T13:06:12+00:00
2026,3,PHI,DeVonta Smith,devontasmith,WR,,Limited Participation in Practice,0.95,2026-09-26T13:06:12+00:00
2026,3,CIN,Dexter Lawrence,dexterlawrence,DT,,Did Not Participate In Practice,0.85,2026-09-26T13:06:12+00:00
2026,3,BUF,DJ Moore,djmoore,WR,Questionable,Limited Participation in Practice,0.65,2026-09-26T13:06:12+00:00
2026,3,GB,Donovan Jennings,donovanjennings,G,,Limited Participation in Practice,0.95,2026-09-26T13:06:12+00:00
2026,3,NE,Dre'Mont Jones,dremontjones,LB,Out,Did Not Participate In Practice,0.0,2026-09-26T13:06:12+00:00
2026,3,GB,Edgerrin Cooper,edgerrincooper,LB,,Limited Participation in Practice,0.95,2026-09-26T13:06:12+00:00
2026,3,HOU,Ed Ingram,edingram,G,Out,Did Not Participate In Practice,0.0,2026-09-26T13:06:12+00:00
2026,3,BUF,Ed Oliver,edoliver,DT,Questionable,Full Participation in Practice,0.65,2026-09-26T13:06:12+00:00
2026,3,LAC,Elijah Molden,elijahmolden,S,Out,Did Not Participate In Practice,0.0,2026-09-26T13:06:12+00:00
2026,3,NE,Eli Raridon,eliraridon,TE,Questionable,Did Not Participate In Practice,0.65,2026-09-26T13:06:12+00:00
2026,3,NYJ,Francisco Mauigoa,franciscomauigoa,LB,Out,Did Not Participate In Practice,0.0,2026-09-26T13:06:12+00:00
2026,3,WAS,Frankie Luvu,frankieluvu,LB,Out,Did Not Participate In Practice,0.0,2026-09-26T13:06:12+00:00
2026,3,PIT,Gennings Dunker,genningsdunker,G,Out,Did Not Participate In Practice,0.0,2026-09-26T13:06:12+00:00
2026,3,CLE,Grant Delpit,grantdelpit,S,Questionable,Limited Participation in Practice,0.65,2026-09-26T13:06:12+00:00
2026,3,MIN,Harrison Smith,harrisonsmith,S,,Limited Participation in Practice,0.95,2026-09-26T13:06:12+00:00
2026,3,HOU,Jacob Hummel,jacobhummel,LB,Out,Did Not Participate In Practice,0.0,2026-09-26T13:06:12+00:00
2026,3,HOU,Jadeveon Clowney,jadeveonclowney,DE,Out,Did Not Participate In Practice,0.0,2026-09-26T13:06:12+00:00
2026,3,CAR,Jalen Coker,jalencoker,WR,Questionable,Limited Participation in Practice,0.65,2026-09-26T13:06:12+00:00
2026,3,PIT,Jamel Dean,jameldean,CB,Questionable,Limited Participation in Practice,0.65,2026-09-26T13:06:12+00:00
2026,3,SF,James Thompson Jr.,jamesthompson,DT,Out,Did Not Participate In Practice,0.0,2026-09-26T13:06:12+00:00
2026,3,GB,Javon Hargrave,javonhargrave,DT,Questionable,Limited Participation in Practice,0.65,2026-09-26T13:06:12+00:00
2026,3,NYG,Jaxson Dart,jaxsondart,QB,,Did Not Participate In Practice,0.85,2026-09-26T13:06:12+00:00
2026,3,WAS,Jayden Daniels,jaydendaniels,QB,Out,Did Not Participate In Practice,0.0,2026-09-26T13:06:12+00:00
2026,3,GB,Jayden Reed,jaydenreed,WR,Out,Did Not Participate In Practice,0.0,2026-09-26T13:06:12+00:00
2026,3,PIT,Jaylen Warren,jaylenwarren,RB,Questionable,Limited Participation in Practice,0.65,2026-09-26T13:06:12+00:00
2026,3,MIA,Jaylen Wright,jaylenwright,RB,Doubtful,Did Not Participate In Practice,0.15,2026-09-26T13:06:12+00:00
2026,3,CHI,Joe Thuney,joethuney,G,,Did Not Participate In Practice,0.85,2026-09-26T13:06:12+00:00
2026,3,PIT,Joey Porter Jr.,joeyporter,CB,Questionable,Limited Participation in Practice,0.65,2026-09-26T13:06:12+00:00
2026,3,DEN,Jonah Coleman,jonahcoleman,RB,Out,Did Not Participate In Practice,0.0,2026-09-26T13:06:12+00:00
2026,3,PHI,Jonathan Greenard,jonathangreenard,LB,,Limited Participation in Practice,0.95,2026-09-26T13:06:12+00:00
2026,3,BUF,Jordan Hancock,jordanhancock,CB,Out,Did Not Participate In Practice,0.0,2026-09-26T13:06:12+00:00
2026,3,NYJ,Joseph Ossai,josephossai,DE,Questionable,Full Participation in Practice,0.65,2026-09-26T13:06:12+00:00
2026,3,KC,Josh Simmons,joshsimmons,T,Out,Did Not Participate In Practice,0.0,2026-09-26T13:06:12+00:00
2026,3,TB,Josiah Trotter,josiahtrotter,LB,Out,Limited Participation in Practice,0.0,2026-09-26T13:06:12+00:00
2026,3,SEA,Julian Love,julianlove,S,Out,Did Not Participate In Practice,0.0,2026-09-26T13:06:12+00:00
2026,3,MIA,Julius Brents,juliusbrents,CB,Questionable,Full Participation in Practice,0.65,2026-09-26T13:06:12+00:00
2026,3,LA,Kamren Kinchens,kamrenkinchens,S,Doubtful,Did Not Participate In Practice,0.15,2026-09-26T13:06:12+00:00
2026,3,LAC,Kayode Awosika,kayodeawosika,G,Out,Did Not Participate In Practice,0.0,2026-09-26T13:06:12+00:00
2026,3,NYJ,Kene Nwangwu,kenenwangwu,RB,Doubtful,Did Not Participate In Practice,0.15,2026-09-26T13:06:12+00:00
2026,3,BUF,Keon Coleman,keoncoleman,WR,Questionable,Limited Participation in Practice,0.65,2026-09-26T13:06:12+00:00
2026,3,LV,Kwity Paye,kwitypaye,DE,Questionable,Limited Participation in Practice,0.65,2026-09-26T13:06:12+00:00
2026,3,WAS,Leo Chenal,leochenal,LB,,Limited Participation in Practice,0.95,2026-09-26T13:06:12+00:00
2026,3,JAX,LeQuint Allen Jr.,lequintallen,RB,,Limited Participation in Practice,0.95,2026-09-26T13:06:12+00:00
2026,3,KC,L'Jarius Sneed,ljariussneed,CB,,Limited Participation in Practice,0.95,2026-09-26T13:06:12+00:00
2026,3,HOU,Logan Hall,loganhall,DE,,Did Not Participate In Practice,0.85,2026-09-26T13:06:12+00:00
2026,3,DAL,Malik Hooker,malikhooker,S,Out,Did Not Participate In Practice,0.0,2026-09-26T13:06:12+00:00
2026,3,PHI,Marquise Brown,marquisebrown,WR,,Did Not Participate In Practice,0.85,2026-09-26T13:06:12+00:00
2026,3,NO,Martin Emerson,martinemerson,CB,Questionable,Limited Participation in Practice,0.65,2026-09-26T13:06:12+00:00
2026,3,DEN,Marvin Mims Jr.,marvinmims,WR,Questionable,Limited Participation in Practice,0.65,2026-09-26T13:06:12+00:00
2026,3,NYJ,Mason Taylor,masontaylor,TE,Out,Did Not Participate In Practice,0.0,2026-09-26T13:06:12+00:00
2026,3,ARI,Max Melton,maxmelton,CB,Questionable,Limited Participation in Practice,0.65,2026-09-26T13:06:12+00:00
2026,3,PIT,Michael Pittman,michaelpittman,WR,Questionable,Limited Participation in Practice,0.65,2026-09-26T13:06:12+00:00
2026,3,SF,Mike Evans,mikeevans,WR,Questionable,Limited Participation in Practice,0.65,2026-09-26T13:06:12+00:00
2026,3,NYJ,Minkah Fitzpatrick,minkahfitzpatrick,S,Out,Did Not Participate In Practice,0.0,2026-09-26T13:06:12+00:00
2026,3,HOU,M.J. Stewart,mjstewart,S,Out,Limited Participation in Practice,0.0,2026-09-26T13:06:12+00:00
2026,3,NE,Morgan Moses,morganmoses,T,,Limited Participation in Practice,0.95,2026-09-26T13:06:12+00:00
2026,3,LA,Nate Landman,natelandman,LB,,Limited Participation in Practice,0.95,2026-09-26T13:06:12+00:00
2026,3,NO,Nathan Shepherd,nathanshepherd,DT,,Limited Participation in Practice,0.95,2026-09-26T13:06:12+00:00
2026,3,SF,Nick Bosa,nickbosa,DE,Out,Did Not Participate In Practice,0.0,2026-09-26T13:06:12+00:00
2026,3,WAS,Nick Cross,nickcross,S,Out,Did Not Participate In Practice,0.0,2026-09-26T13:06:12+00:00
2026,3,MIN,Nick Samac,nicksamac,C,Out,Did Not Participate In Practice,0.0,2026-09-26T13:06:12+00:00
2026,3,CAR,Nick Scott,nickscott,S,Out,Did Not Participate In Practice,0.0,2026-09-26T13:06:12+00:00
2026,3,HOU,Nico Collins,nicocollins,WR,Out,Did Not Participate In Practice,0.0,2026-09-26T13:06:12+00:00
2026,3,CHI,Noah Sewell,noahsewell,LB,,Limited Participation in Practice,0.95,2026-09-26T13:06:12+00:00
2026,3,DAL,P.J. Locke,pjlocke,S,Out,Did Not Participate In Practice,0.0,2026-09-26T13:06:12+00:00
2026,3,LA,Puka Nacua,pukanacua,WR,Doubtful,Did Not Participate In Practice,0.15,2026-09-26T13:06:12+00:00
2026,3,NE,Quintayvious Hutchins,quintayvioushutchins,LB,Out,Did Not Participate In Practice,0.0,2026-09-26T13:06:12+00:00
2026,3,NE,Reggie Gilliam,reggiegilliam,FB,,Limited Participation in Practice,0.95,2026-09-26T13:06:12+00:00
2026,3,PIT,Rico Dowdle,ricodowdle,RB,Out,Did Not Participate In Practice,0.0,2026-09-26T13:06:12+00:00
2026,3,MIA,Rob Beal Jr.,robbeal,DE,Out,Did Not Participate In Practice,0.0,2026-09-26T13:06:12+00:00
2026,3,LAC,Rodney Shelley,rodneyshelley,CB,Questionable,Limited Participation in Practice,0.65,2026-09-26T13:06:12+00:00
2026,3,SF,Romello Height,romelloheight,DE,Out,Did Not Participate In Practice,0.0,2026-09-26T13:06:12+00:00
2026,3,BAL,Ronnie Stanley,ronniestanley,T,Out,Did Not Participate In Practice,0.0,2026-09-26T13:06:12+00:00
2026,3,ARI,Roy Lopez,roylopez,DT,Questionable,Limited Participation in Practice,0.65,2026-09-26T13:06:12+00:00
2026,3,TB,Rueben Bain Jr.,ruebenbain,LB,Out,Did Not Participate In Practice,0.0,2026-09-26T13:06:12+00:00
2026,3,MIA,Ryan Miller,ryanmiller,WR,Questionable,Full Participation in Practice,0.65,2026-09-26T13:06:12+00:00
2026,3,WAS,Sam Cosmi,samcosmi,G,Out,Did Not Participate In Practice,0.0,2026-09-26T13:06:12+00:00
2026,3,ATL,Samson Ebukam,samsonebukam,DE,Out,Did Not Participate In Practice,0.0,2026-09-26T13:06:12+00:00
2026,3,CHI,Shemar Turner,shemarturner,DE,,Limited Participation in Practice,0.95,2026-09-26T13:06:12+00:00
2026,3,PHI,Tank Bigsby,tankbigsby,RB,,Limited Participation in Practice,0.95,2026-09-26T13:06:12+00:00
2026,3,BUF,Terrel Bernard,terrelbernard,LB,,Did Not Participate In Practice,0.85,2026-09-26T13:06:12+00:00
2026,3,CLE,Teven Jenkins,tevenjenkins,G,Out,Did Not Participate In Practice,0.0,2026-09-26T13:06:12+00:00
2026,3,DET,Thomas Harper,thomasharper,S,Out,Did Not Participate In Practice,0.0,2026-09-26T13:06:12+00:00
2026,3,BUF,T.J. Sanders,tjsanders,DE,Out,Did Not Participate In Practice,0.0,2026-09-26T13:06:12+00:00
2026,3,TEN,Tony Pollard,tonypollard,RB,,Limited Participation in Practice,0.95,2026-09-26T13:06:12+00:00
2026,3,HOU,Trent Brown,trentbrown,T,Questionable,Full Participation in Practice,0.65,2026-09-26T13:06:12+00:00
2026,3,LV,Treydan Stukes,treydanstukes,S,Out,Did Not Participate In Practice,0.0,2026-09-26T13:06:12+00:00
2026,3,LAC,Trey Lance,treylance,QB,Questionable,Limited Participation in Practice,0.65,2026-09-26T13:06:12+00:00
2026,3,LAC,Trey Pipkins,treypipkins,T,Out,Did Not Participate In Practice,0.0,2026-09-26T13:06:12+00:00
2026,3,MIA,Tucker Addington,tuckeraddington,LS,,Limited Participation in Practice,0.95,2026-09-26T13:06:12+00:00
2026,3,TEN,Tyjae Spears,tyjaespears,RB,Questionable,Limited Participation in Practice,0.65,2026-09-26T13:06:12+00:00
2026,3,NYG,Tyler Nubin,tylernubin,S,Questionable,Limited Participation in Practice,0.65,2026-09-26T13:06:12+00:00
2026,3,SEA,Ty Okada,tyokada,S,Out,Did Not Participate In Practice,0.0,2026-09-26T13:06:12+00:00
2026,3,CHI,Tyrique Stevenson,tyriquestevenson,CB,,Limited Participation in Practice,0.95,2026-09-26T13:06:12+00:00
2026,3,CHI,Tyson Bagent,tysonbagent,QB,,Did Not Participate In Practice,0.85,2026-09-26T13:06:12+00:00
2026,3,CLE,Tyson Campbell,tysoncampbell,CB,Questionable,Limited Participation in Practice,0.65,2026-09-26T13:06:12+00:00
2026,3,GB,Warren Brinson,warrenbrinson,DT,Out,Did Not Participate In Practice,0.0,2026-09-26T13:06:12+00:00
2026,3,HOU,Will Anderson Jr.,willanderson,DE,,Limited Participation in Practice,0.95,2026-09-26T13:06:12+00:00
2026,3,PHI,Will Shipley,willshipley,RB,,Limited Participation in Practice,0.95,2026-09-26T13:06:12+00:00
2026,3,CAR,Xavier Legette,xavierlegette,WR,Questionable,Limited Participation in Practice,0.65,2026-09-26T13:06:12+00:00
2026,3,GB,Zach Bako-Bewele,zachbakobewele,T,Out,Did Not Participate In Practice,0.0,2026-09-26T13:06:12+00:00
2026,3,BAL,Zay Flowers,zayflowers,WR,Questionable,Limited Participation in Practice,0.65,2026-09-26T13:06:12+00:00
