game,event_id,commence_time,home_team,away_team,book,total_over_line,total_over_price,total_under_price,spread_home_line,spread_home_price,spread_away_price,totals_last_update,spreads_last_update
LAC @ BUF,b225458a282e140c44c45651255f2f6c,2026-09-27T17:00:00Z,BUF,LAC,draftkings,50.5,-102,-118,-7.0,-115.0,-105.0,2026-09-26T13:05:14Z,2026-09-26T13:05:14Z
LAC @ BUF,b225458a282e140c44c45651255f2f6c,2026-09-27T17:00:00Z,BUF,LAC,williamhill_us,50.0,-110,-109,-7.0,-114.0,-106.0,2026-09-26T13:04:57Z,2026-09-26T13:04:57Z
LAC @ BUF,b225458a282e140c44c45651255f2f6c,2026-09-27T17:00:00Z,BUF,LAC,fanduel,50.5,-105,-115,-7.5,-102.0,-120.0,2026-09-26T13:06:07Z,2026-09-26T13:06:07Z
LAC @ BUF,b225458a282e140c44c45651255f2f6c,2026-09-27T17:00:00Z,BUF,LAC,betrivers,50.0,-110,-110,-7.0,-112.0,-109.0,2026-09-26T13:05:16Z,2026-09-26T13:05:16Z
LAC @ BUF,b225458a282e140c44c45651255f2f6c,2026-09-27T17:00:00Z,BUF,LAC,betus,50.0,-110,-110,-7.5,100.0,-120.0,2026-09-26T13:05:16Z,2026-09-26T13:05:16Z
LAC @ BUF,b225458a282e140c44c45651255f2f6c,2026-09-27T17:00:00Z,BUF,LAC,lowvig,50.0,-107,-107,-7.5,103.0,-114.0,2026-09-26T13:06:07Z,2026-09-26T13:06:07Z
LAC @ BUF,b225458a282e140c44c45651255f2f6c,2026-09-27T17:00:00Z,BUF,LAC,betonlineag,50.0,-110,-110,-7.5,-101.0,-119.0,2026-09-26T13:05:32Z,2026-09-26T13:05:32Z
LAC @ BUF,b225458a282e140c44c45651255f2f6c,2026-09-27T17:00:00Z,BUF,LAC,mybookieag,50.0,-110,-110,-7.0,-110.0,-110.0,2026-09-26T13:06:06Z,2026-09-26T13:06:06Z
LAC @ BUF,b225458a282e140c44c45651255f2f6c,2026-09-27T17:00:00Z,BUF,LAC,betmgm,50.0,-108,-110,-7.0,-115.0,-105.0,2026-09-26T13:04:58Z,2026-09-26T13:04:58Z
LAC @ BUF,b225458a282e140c44c45651255f2f6c,2026-09-27T17:00:00Z,BUF,LAC,bovada,50.0,-110,-110,-7.0,-115.0,-105.0,2026-09-26T13:05:54Z,2026-09-26T13:05:54Z
LAC @ BUF,b225458a282e140c44c45651255f2f6c,2026-09-27T17:00:00Z,BUF,LAC,fanatics,50.0,-110,-110,-7.0,-115.0,-105.0,2026-09-26T13:05:32Z,2026-09-26T13:05:32Z
CAR @ CLE,613b8cd3a5fab58f7be4e3fd6f76223e,2026-09-27T17:00:00Z,CLE,CAR,draftkings,42.5,-110,-110,2.5,-108.0,-112.0,2026-09-26T13:05:14Z,2026-09-26T13:05:14Z
CAR @ CLE,613b8cd3a5fab58f7be4e3fd6f76223e,2026-09-27T17:00:00Z,CLE,CAR,williamhill_us,42.5,-106,-114,2.5,-108.0,-112.0,2026-09-26T13:04:57Z,2026-09-26T13:04:57Z
CAR @ CLE,613b8cd3a5fab58f7be4e3fd6f76223e,2026-09-27T17:00:00Z,CLE,CAR,betus,42.5,-110,-110,2.0,-105.0,-115.0,2026-09-26T13:05:16Z,2026-09-26T13:05:16Z
CAR @ CLE,613b8cd3a5fab58f7be4e3fd6f76223e,2026-09-27T17:00:00Z,CLE,CAR,fanduel,41.5,-115,-105,2.5,-110.0,-110.0,2026-09-26T13:06:06Z,2026-09-26T13:06:06Z
CAR @ CLE,613b8cd3a5fab58f7be4e3fd6f76223e,2026-09-27T17:00:00Z,CLE,CAR,betrivers,42.5,-108,-113,2.5,-107.0,-114.0,2026-09-26T13:05:17Z,2026-09-26T13:05:17Z
CAR @ CLE,613b8cd3a5fab58f7be4e3fd6f76223e,2026-09-27T17:00:00Z,CLE,CAR,lowvig,42.0,-113,-102,2.0,-103.0,-107.0,2026-09-26T13:06:07Z,2026-09-26T13:06:07Z
CAR @ CLE,613b8cd3a5fab58f7be4e3fd6f76223e,2026-09-27T17:00:00Z,CLE,CAR,betonlineag,42.0,-115,-105,2.0,-108.0,-112.0,2026-09-26T13:05:32Z,2026-09-26T13:05:32Z
CAR @ CLE,613b8cd3a5fab58f7be4e3fd6f76223e,2026-09-27T17:00:00Z,CLE,CAR,mybookieag,42.5,-110,-110,2.5,-110.0,-110.0,2026-09-26T13:06:06Z,2026-09-26T13:06:06Z
CAR @ CLE,613b8cd3a5fab58f7be4e3fd6f76223e,2026-09-27T17:00:00Z,CLE,CAR,betmgm,42.5,-108,-110,2.5,-110.0,-108.0,2026-09-26T13:04:58Z,2026-09-26T13:04:58Z
CAR @ CLE,613b8cd3a5fab58f7be4e3fd6f76223e,2026-09-27T17:00:00Z,CLE,CAR,bovada,42.0,-115,-105,2.0,-110.0,-110.0,2026-09-26T13:05:54Z,2026-09-26T13:05:54Z
CAR @ CLE,613b8cd3a5fab58f7be4e3fd6f76223e,2026-09-27T17:00:00Z,CLE,CAR,fanatics,42.5,-110,-110,2.0,-110.0,-110.0,2026-09-26T13:05:32Z,2026-09-26T13:05:32Z
CIN @ PIT,71123be049587b6facce3a20c53e5d09,2026-09-27T17:00:00Z,PIT,CIN,draftkings,42.5,-112,-108,3.5,-112.0,-108.0,2026-09-26T13:05:14Z,2026-09-26T13:05:14Z
CIN @ PIT,71123be049587b6facce3a20c53e5d09,2026-09-27T17:00:00Z,PIT,CIN,williamhill_us,42.5,-110,-109,3.5,-112.0,-108.0,2026-09-26T13:04:57Z,2026-09-26T13:04:57Z
CIN @ PIT,71123be049587b6facce3a20c53e5d09,2026-09-27T17:00:00Z,PIT,CIN,betus,43.0,-105,-115,3.5,-120.0,100.0,2026-09-26T13:05:16Z,2026-09-26T13:05:16Z
CIN @ PIT,71123be049587b6facce3a20c53e5d09,2026-09-27T17:00:00Z,PIT,CIN,fanduel,42.5,-115,-105,3.5,-118.0,-104.0,2026-09-26T13:06:07Z,2026-09-26T13:06:07Z
CIN @ PIT,71123be049587b6facce3a20c53e5d09,2026-09-27T17:00:00Z,PIT,CIN,betrivers,42.5,-109,-112,3.5,-113.0,-108.0,2026-09-26T13:05:17Z,2026-09-26T13:05:17Z
CIN @ PIT,71123be049587b6facce3a20c53e5d09,2026-09-27T17:00:00Z,PIT,CIN,lowvig,43.0,-102,-113,3.5,-116.0,105.0,2026-09-26T13:06:07Z,2026-09-26T13:06:07Z
CIN @ PIT,71123be049587b6facce3a20c53e5d09,2026-09-27T17:00:00Z,PIT,CIN,betonlineag,43.0,-105,-115,3.5,-115.0,-105.0,2026-09-26T13:05:32Z,2026-09-26T13:05:32Z
CIN @ PIT,71123be049587b6facce3a20c53e5d09,2026-09-27T17:00:00Z,PIT,CIN,mybookieag,42.5,-110,-110,3.5,-115.0,-105.0,2026-09-26T13:06:06Z,2026-09-26T13:06:06Z
CIN @ PIT,71123be049587b6facce3a20c53e5d09,2026-09-27T17:00:00Z,PIT,CIN,betmgm,42.5,-110,-108,3.5,-112.0,-105.0,2026-09-26T13:04:58Z,2026-09-26T13:04:58Z
CIN @ PIT,71123be049587b6facce3a20c53e5d09,2026-09-27T17:00:00Z,PIT,CIN,bovada,42.5,-110,-110,3.5,-120.0,100.0,2026-09-26T13:05:54Z,2026-09-26T13:05:54Z
CIN @ PIT,71123be049587b6facce3a20c53e5d09,2026-09-27T17:00:00Z,PIT,CIN,fanatics,42.5,-110,-110,3.5,-120.0,100.0,2026-09-26T13:05:32Z,2026-09-26T13:05:32Z
NYJ @ DET,07f552badfa8a565d1be22123713e4da,2026-09-27T17:00:00Z,DET,NYJ,draftkings,48.5,-108,-112,-6.5,-120.0,100.0,2026-09-26T13:05:14Z,2026-09-26T13:05:14Z
NYJ @ DET,07f552badfa8a565d1be22123713e4da,2026-09-27T17:00:00Z,DET,NYJ,williamhill_us,48.5,-107,-113,-6.5,-117.0,-104.0,2026-09-26T13:04:57Z,2026-09-26T13:04:57Z
NYJ @ DET,07f552badfa8a565d1be22123713e4da,2026-09-27T17:00:00Z,DET,NYJ,fanduel,48.5,-106,-114,-6.5,-115.0,-105.0,2026-09-26T13:06:06Z,2026-09-26T13:06:06Z
NYJ @ DET,07f552badfa8a565d1be22123713e4da,2026-09-27T17:00:00Z,DET,NYJ,betrivers,48.0,-109,-112,-7.0,-106.0,-115.0,2026-09-26T13:05:16Z,2026-09-26T13:05:16Z
NYJ @ DET,07f552badfa8a565d1be22123713e4da,2026-09-27T17:00:00Z,DET,NYJ,lowvig,48.0,-113,-102,-6.5,-112.0,101.0,2026-09-26T13:06:07Z,2026-09-26T13:06:07Z
NYJ @ DET,07f552badfa8a565d1be22123713e4da,2026-09-27T17:00:00Z,DET,NYJ,betus,48.0,-115,-105,-6.5,-115.0,-105.0,2026-09-26T13:05:16Z,2026-09-26T13:05:16Z
NYJ @ DET,07f552badfa8a565d1be22123713e4da,2026-09-27T17:00:00Z,DET,NYJ,betonlineag,48.0,-115,-105,-6.5,-116.0,-104.0,2026-09-26T13:05:32Z,2026-09-26T13:05:32Z
NYJ @ DET,07f552badfa8a565d1be22123713e4da,2026-09-27T17:00:00Z,DET,NYJ,mybookieag,48.0,-110,-110,-6.5,-110.0,-110.0,2026-09-26T13:06:06Z,2026-09-26T13:06:06Z
NYJ @ DET,07f552badfa8a565d1be22123713e4da,2026-09-27T17:00:00Z,DET,NYJ,betmgm,48.0,-108,-110,-6.5,-112.0,-105.0,2026-09-26T13:04:58Z,2026-09-26T13:04:58Z
NYJ @ DET,07f552badfa8a565d1be22123713e4da,2026-09-27T17:00:00Z,DET,NYJ,bovada,48.0,-115,-105,-6.5,-115.0,-105.0,2026-09-26T13:05:54Z,2026-09-26T13:05:54Z
NYJ @ DET,07f552badfa8a565d1be22123713e4da,2026-09-27T17:00:00Z,DET,NYJ,fanatics,48.0,-110,-110,-6.5,-115.0,-105.0,2026-09-26T13:05:32Z,2026-09-26T13:05:32Z
HOU @ IND,17a730b7d399feeab6a78c30767c29d2,2026-09-27T17:00:00Z,IND,HOU,draftkings,42.5,-118,-102,1.5,-102.0,-118.0,2026-09-26T13:05:14Z,2026-09-26T13:05:14Z
HOU @ IND,17a730b7d399feeab6a78c30767c29d2,2026-09-27T17:00:00Z,IND,HOU,williamhill_us,42.5,-113,-107,1.5,-105.0,-114.0,2026-09-26T13:04:57Z,2026-09-26T13:04:57Z
HOU @ IND,17a730b7d399feeab6a78c30767c29d2,2026-09-27T17:00:00Z,IND,HOU,betus,42.5,-112,-108,1.0,-105.0,-115.0,2026-09-26T13:05:16Z,2026-09-26T13:05:16Z
HOU @ IND,17a730b7d399feeab6a78c30767c29d2,2026-09-27T17:00:00Z,IND,HOU,fanduel,42.5,-114,-106,1.5,-105.0,-115.0,2026-09-26T13:06:07Z,2026-09-26T13:06:07Z
HOU @ IND,17a730b7d399feeab6a78c30767c29d2,2026-09-27T17:00:00Z,IND,HOU,betrivers,43.0,-107,-113,1.5,-108.0,-113.0,2026-09-26T13:05:16Z,2026-09-26T13:05:16Z
HOU @ IND,17a730b7d399feeab6a78c30767c29d2,2026-09-27T17:00:00Z,IND,HOU,lowvig,42.5,-109,-105,1.5,100.0,-110.0,2026-09-26T13:06:07Z,2026-09-26T13:06:07Z
HOU @ IND,17a730b7d399feeab6a78c30767c29d2,2026-09-27T17:00:00Z,IND,HOU,betonlineag,42.5,-112,-108,1.5,-105.0,-115.0,2026-09-26T13:05:32Z,2026-09-26T13:05:32Z
HOU @ IND,17a730b7d399feeab6a78c30767c29d2,2026-09-27T17:00:00Z,IND,HOU,mybookieag,42.5,-110,-110,1.5,-110.0,-110.0,2026-09-26T13:06:06Z,2026-09-26T13:06:06Z
HOU @ IND,17a730b7d399feeab6a78c30767c29d2,2026-09-27T17:00:00Z,IND,HOU,betmgm,42.5,-110,-108,2.0,-110.0,-108.0,2026-09-26T13:04:58Z,2026-09-26T13:04:58Z
HOU @ IND,17a730b7d399feeab6a78c30767c29d2,2026-09-27T17:00:00Z,IND,HOU,bovada,42.5,-105,-115,1.5,-105.0,-115.0,2026-09-26T13:05:54Z,2026-09-26T13:05:54Z
HOU @ IND,17a730b7d399feeab6a78c30767c29d2,2026-09-27T17:00:00Z,IND,HOU,fanatics,42.5,-115,-105,2.0,-110.0,-110.0,2026-09-26T13:05:32Z,2026-09-26T13:05:32Z
NE @ JAX,1f3cfd315a24d1a7dd5859a8e6b88e18,2026-09-27T17:00:00Z,JAX,NE,draftkings,46.5,-105,-115,-3.0,-102.0,-118.0,2026-09-26T13:05:14Z,2026-09-26T13:05:14Z
NE @ JAX,1f3cfd315a24d1a7dd5859a8e6b88e18,2026-09-27T17:00:00Z,JAX,NE,williamhill_us,45.5,-117,-104,-3.0,-105.0,-115.0,2026-09-26T13:04:57Z,2026-09-26T13:04:57Z
NE @ JAX,1f3cfd315a24d1a7dd5859a8e6b88e18,2026-09-27T17:00:00Z,JAX,NE,betus,46.0,-110,-110,-3.0,100.0,-120.0,2026-09-26T13:05:16Z,2026-09-26T13:05:16Z
NE @ JAX,1f3cfd315a24d1a7dd5859a8e6b88e18,2026-09-27T17:00:00Z,JAX,NE,fanduel,45.5,-115,-105,-2.5,-118.0,-104.0,2026-09-26T13:06:07Z,2026-09-26T13:06:07Z
NE @ JAX,1f3cfd315a24d1a7dd5859a8e6b88e18,2026-09-27T17:00:00Z,JAX,NE,betrivers,45.5,-113,-108,-3.0,-106.0,-115.0,2026-09-26T13:05:16Z,2026-09-26T13:05:16Z
NE @ JAX,1f3cfd315a24d1a7dd5859a8e6b88e18,2026-09-27T17:00:00Z,JAX,NE,lowvig,46.0,-109,-105,-3.0,101.0,-112.0,2026-09-26T13:06:07Z,2026-09-26T13:06:07Z
NE @ JAX,1f3cfd315a24d1a7dd5859a8e6b88e18,2026-09-27T17:00:00Z,JAX,NE,betonlineag,46.0,-112,-108,-3.0,-104.0,-116.0,2026-09-26T13:05:32Z,2026-09-26T13:05:32Z
NE @ JAX,1f3cfd315a24d1a7dd5859a8e6b88e18,2026-09-27T17:00:00Z,JAX,NE,mybookieag,46.0,-110,-110,-3.0,100.0,-120.0,2026-09-26T13:06:06Z,2026-09-26T13:06:06Z
NE @ JAX,1f3cfd315a24d1a7dd5859a8e6b88e18,2026-09-27T17:00:00Z,JAX,NE,betmgm,46.0,-110,-108,-2.5,-125.0,-105.0,2026-09-26T13:04:58Z,2026-09-26T13:04:58Z
NE @ JAX,1f3cfd315a24d1a7dd5859a8e6b88e18,2026-09-27T17:00:00Z,JAX,NE,bovada,46.0,-110,-110,-2.5,-120.0,100.0,2026-09-26T13:05:54Z,2026-09-26T13:05:54Z
NE @ JAX,1f3cfd315a24d1a7dd5859a8e6b88e18,2026-09-27T17:00:00Z,JAX,NE,fanatics,46.0,-110,-110,-2.5,-120.0,100.0,2026-09-26T13:05:32Z,2026-09-26T13:05:32Z
KC @ MIA,0339a0e41bcee12820eb3e64bb5fadb4,2026-09-27T17:00:00Z,MIA,KC,draftkings,45.5,-108,-112,10.0,-105.0,-115.0,2026-09-26T13:05:14Z,2026-09-26T13:05:14Z
KC @ MIA,0339a0e41bcee12820eb3e64bb5fadb4,2026-09-27T17:00:00Z,MIA,KC,williamhill_us,45.5,-113,-107,10.5,-109.0,-109.0,2026-09-26T13:04:57Z,2026-09-26T13:04:57Z
KC @ MIA,0339a0e41bcee12820eb3e64bb5fadb4,2026-09-27T17:00:00Z,MIA,KC,betus,45.0,-110,-110,10.5,-110.0,-110.0,2026-09-26T13:05:16Z,2026-09-26T13:05:16Z
KC @ MIA,0339a0e41bcee12820eb3e64bb5fadb4,2026-09-27T17:00:00Z,MIA,KC,fanduel,45.5,-105,-115,10.5,-108.0,-112.0,2026-09-26T13:06:07Z,2026-09-26T13:06:07Z
KC @ MIA,0339a0e41bcee12820eb3e64bb5fadb4,2026-09-27T17:00:00Z,MIA,KC,betrivers,45.0,-112,-109,10.5,-112.0,-110.0,2026-09-26T13:05:16Z,2026-09-26T13:05:16Z
KC @ MIA,0339a0e41bcee12820eb3e64bb5fadb4,2026-09-27T17:00:00Z,MIA,KC,lowvig,45.5,-102,-113,10.5,-108.0,-102.0,2026-09-26T13:06:07Z,2026-09-26T13:06:07Z
KC @ MIA,0339a0e41bcee12820eb3e64bb5fadb4,2026-09-27T17:00:00Z,MIA,KC,betonlineag,45.5,-105,-115,10.5,-113.0,-107.0,2026-09-26T13:05:32Z,2026-09-26T13:05:32Z
KC @ MIA,0339a0e41bcee12820eb3e64bb5fadb4,2026-09-27T17:00:00Z,MIA,KC,mybookieag,45.0,-110,-110,10.5,-110.0,-110.0,2026-09-26T13:06:06Z,2026-09-26T13:06:06Z
KC @ MIA,0339a0e41bcee12820eb3e64bb5fadb4,2026-09-27T17:00:00Z,MIA,KC,betmgm,45.0,-110,-108,10.5,-110.0,-108.0,2026-09-26T13:04:58Z,2026-09-26T13:04:58Z
KC @ MIA,0339a0e41bcee12820eb3e64bb5fadb4,2026-09-27T17:00:00Z,MIA,KC,bovada,45.0,-115,-105,10.0,-110.0,-110.0,2026-09-26T13:05:54Z,2026-09-26T13:05:54Z
KC @ MIA,0339a0e41bcee12820eb3e64bb5fadb4,2026-09-27T17:00:00Z,MIA,KC,fanatics,45.0,-110,-110,10.5,-115.0,-105.0,2026-09-26T13:05:32Z,2026-09-26T13:05:32Z
TEN @ NYG,555afd4a27aaa392662881cffa8f2eef,2026-09-27T17:00:00Z,NYG,TEN,draftkings,37.5,-112,-108,-2.5,-110.0,-110.0,2026-09-26T13:05:14Z,2026-09-26T13:05:14Z
TEN @ NYG,555afd4a27aaa392662881cffa8f2eef,2026-09-27T17:00:00Z,NYG,TEN,williamhill_us,37.5,-118,-103,-2.5,-113.0,-107.0,2026-09-26T13:04:57Z,2026-09-26T13:04:57Z
TEN @ NYG,555afd4a27aaa392662881cffa8f2eef,2026-09-27T17:00:00Z,NYG,TEN,betus,38.0,-110,-110,-2.0,-115.0,-105.0,2026-09-26T13:05:16Z,2026-09-26T13:05:16Z
TEN @ NYG,555afd4a27aaa392662881cffa8f2eef,2026-09-27T17:00:00Z,NYG,TEN,fanduel,38.5,-106,-114,-2.5,-114.0,-106.0,2026-09-26T13:06:07Z,2026-09-26T13:06:07Z
TEN @ NYG,555afd4a27aaa392662881cffa8f2eef,2026-09-27T17:00:00Z,NYG,TEN,betrivers,38.0,-113,-108,-2.5,-114.0,-108.0,2026-09-26T13:05:17Z,2026-09-26T13:05:17Z
TEN @ NYG,555afd4a27aaa392662881cffa8f2eef,2026-09-27T17:00:00Z,NYG,TEN,lowvig,38.0,-107,-107,-2.5,-105.0,-105.0,2026-09-26T13:06:07Z,2026-09-26T13:06:07Z
TEN @ NYG,555afd4a27aaa392662881cffa8f2eef,2026-09-27T17:00:00Z,NYG,TEN,betonlineag,38.0,-110,-110,-2.5,-110.0,-110.0,2026-09-26T13:05:32Z,2026-09-26T13:05:32Z
TEN @ NYG,555afd4a27aaa392662881cffa8f2eef,2026-09-27T17:00:00Z,NYG,TEN,mybookieag,38.0,-110,-110,-2.5,-110.0,-110.0,2026-09-26T13:06:06Z,2026-09-26T13:06:06Z
TEN @ NYG,555afd4a27aaa392662881cffa8f2eef,2026-09-27T17:00:00Z,NYG,TEN,betmgm,38.5,-108,-110,-2.5,-115.0,-105.0,2026-09-26T13:04:58Z,2026-09-26T13:04:58Z
TEN @ NYG,555afd4a27aaa392662881cffa8f2eef,2026-09-27T17:00:00Z,NYG,TEN,bovada,38.0,-105,-115,-2.5,-110.0,-110.0,2026-09-26T13:05:54Z,2026-09-26T13:05:54Z
TEN @ NYG,555afd4a27aaa392662881cffa8f2eef,2026-09-27T17:00:00Z,NYG,TEN,fanatics,38.0,-110,-110,-2.5,-110.0,-110.0,2026-09-26T13:05:32Z,2026-09-26T13:05:32Z
SEA @ WAS,2a529c108305ffa049d8b6cfdbaa4d36,2026-09-27T17:00:00Z,WAS,SEA,draftkings,40.5,-102,-118,7.5,-102.0,-118.0,2026-09-26T13:05:14Z,2026-09-26T13:05:14Z
SEA @ WAS,2a529c108305ffa049d8b6cfdbaa4d36,2026-09-27T17:00:00Z,WAS,SEA,williamhill_us,40.0,-113,-108,7.5,-108.0,-112.0,2026-09-26T13:04:57Z,2026-09-26T13:04:57Z
SEA @ WAS,2a529c108305ffa049d8b6cfdbaa4d36,2026-09-27T17:00:00Z,WAS,SEA,betus,40.0,-115,-105,9.0,-125.0,105.0,2026-09-26T13:05:16Z,2026-09-26T13:05:16Z
SEA @ WAS,2a529c108305ffa049d8b6cfdbaa4d36,2026-09-27T17:00:00Z,WAS,SEA,fanduel,40.5,-105,-115,7.5,-115.0,-105.0,2026-09-26T13:06:07Z,2026-09-26T13:06:07Z
SEA @ WAS,2a529c108305ffa049d8b6cfdbaa4d36,2026-09-27T17:00:00Z,WAS,SEA,betrivers,40.5,-108,-113,8.0,-113.0,-108.0,2026-09-26T13:05:16Z,2026-09-26T13:05:16Z
SEA @ WAS,2a529c108305ffa049d8b6cfdbaa4d36,2026-09-27T17:00:00Z,WAS,SEA,lowvig,40.0,-113,-102,8.0,-105.0,-105.0,2026-09-26T13:06:07Z,2026-09-26T13:06:07Z
SEA @ WAS,2a529c108305ffa049d8b6cfdbaa4d36,2026-09-27T17:00:00Z,WAS,SEA,betonlineag,40.0,-115,-105,8.0,-110.0,-110.0,2026-09-26T13:05:32Z,2026-09-26T13:05:32Z
SEA @ WAS,2a529c108305ffa049d8b6cfdbaa4d36,2026-09-27T17:00:00Z,WAS,SEA,mybookieag,40.0,-110,-110,7.5,-110.0,-110.0,2026-09-26T13:06:06Z,2026-09-26T13:06:06Z
SEA @ WAS,2a529c108305ffa049d8b6cfdbaa4d36,2026-09-27T17:00:00Z,WAS,SEA,betmgm,40.0,-112,-105,7.5,-110.0,-120.0,2026-09-26T13:04:58Z,2026-09-26T13:04:58Z
SEA @ WAS,2a529c108305ffa049d8b6cfdbaa4d36,2026-09-27T17:00:00Z,WAS,SEA,bovada,40.0,-110,-110,8.0,-110.0,-110.0,2026-09-26T13:05:54Z,2026-09-26T13:05:54Z
SEA @ WAS,2a529c108305ffa049d8b6cfdbaa4d36,2026-09-27T17:00:00Z,WAS,SEA,fanatics,40.0,-110,-110,8.0,-110.0,-110.0,2026-09-26T13:05:32Z,2026-09-26T13:05:32Z
ARI @ SF,9d2b09e0f9b6dd5ce0d985894f4f98fa,2026-09-27T20:05:00Z,SF,ARI,draftkings,47.5,-115,-105,-8.5,-108.0,-112.0,2026-09-26T13:05:14Z,2026-09-26T13:05:14Z
ARI @ SF,9d2b09e0f9b6dd5ce0d985894f4f98fa,2026-09-27T20:05:00Z,SF,ARI,williamhill_us,47.5,-112,-108,-8.0,-115.0,-105.0,2026-09-26T13:04:57Z,2026-09-26T13:04:57Z
ARI @ SF,9d2b09e0f9b6dd5ce0d985894f4f98fa,2026-09-27T20:05:00Z,SF,ARI,betus,48.0,-110,-110,-9.0,-105.0,-115.0,2026-09-26T13:05:16Z,2026-09-26T13:05:16Z
ARI @ SF,9d2b09e0f9b6dd5ce0d985894f4f98fa,2026-09-27T20:05:00Z,SF,ARI,fanduel,47.5,-118,-104,-8.5,-110.0,-110.0,2026-09-26T13:06:07Z,2026-09-26T13:06:07Z
ARI @ SF,9d2b09e0f9b6dd5ce0d985894f4f98fa,2026-09-27T20:05:00Z,SF,ARI,betrivers,48.0,-107,-113,-8.0,-114.0,-107.0,2026-09-26T13:05:17Z,2026-09-26T13:05:17Z
ARI @ SF,9d2b09e0f9b6dd5ce0d985894f4f98fa,2026-09-27T20:05:00Z,SF,ARI,lowvig,48.0,-103,-112,-8.5,101.0,-112.0,2026-09-26T13:06:07Z,2026-09-26T13:06:07Z
ARI @ SF,9d2b09e0f9b6dd5ce0d985894f4f98fa,2026-09-27T20:05:00Z,SF,ARI,betonlineag,48.0,-110,-110,-9.0,-103.0,-117.0,2026-09-26T13:05:32Z,2026-09-26T13:05:32Z
ARI @ SF,9d2b09e0f9b6dd5ce0d985894f4f98fa,2026-09-27T20:05:00Z,SF,ARI,mybookieag,48.0,-110,-110,-8.5,-110.0,-110.0,2026-09-26T13:06:06Z,2026-09-26T13:06:06Z
ARI @ SF,9d2b09e0f9b6dd5ce0d985894f4f98fa,2026-09-27T20:05:00Z,SF,ARI,betmgm,47.5,-110,-108,-8.5,-108.0,-112.0,2026-09-26T13:04:58Z,2026-09-26T13:04:58Z
ARI @ SF,9d2b09e0f9b6dd5ce0d985894f4f98fa,2026-09-27T20:05:00Z,SF,ARI,bovada,48.0,-110,-110,-8.0,-110.0,-110.0,2026-09-26T13:05:54Z,2026-09-26T13:05:54Z
ARI @ SF,9d2b09e0f9b6dd5ce0d985894f4f98fa,2026-09-27T20:05:00Z,SF,ARI,fanatics,48.0,-110,-110,-8.0,-110.0,-110.0,2026-09-26T13:05:32Z,2026-09-26T13:05:32Z
MIN @ TB,f1724dead3eab61546033032fc782375,2026-09-27T20:05:00Z,TB,MIN,draftkings,42.5,-110,-110,1.5,-112.0,-108.0,2026-09-26T13:05:14Z,2026-09-26T13:05:14Z
MIN @ TB,f1724dead3eab61546033032fc782375,2026-09-27T20:05:00Z,TB,MIN,williamhill_us,42.5,-109,-110,1.5,-113.0,-107.0,2026-09-26T13:04:57Z,2026-09-26T13:04:57Z
MIN @ TB,f1724dead3eab61546033032fc782375,2026-09-27T20:05:00Z,TB,MIN,betus,42.5,-110,-110,0.0,100.0,-120.0,2026-09-26T13:05:16Z,2026-09-26T13:05:16Z
MIN @ TB,f1724dead3eab61546033032fc782375,2026-09-27T20:05:00Z,TB,MIN,fanduel,42.5,-115,-105,1.5,-110.0,-110.0,2026-09-26T13:06:07Z,2026-09-26T13:06:07Z
MIN @ TB,f1724dead3eab61546033032fc782375,2026-09-27T20:05:00Z,TB,MIN,betrivers,42.5,-110,-110,1.5,-109.0,-112.0,2026-09-26T13:05:17Z,2026-09-26T13:05:17Z
MIN @ TB,f1724dead3eab61546033032fc782375,2026-09-27T20:05:00Z,TB,MIN,lowvig,42.5,-107,-107,1.5,-112.0,101.0,2026-09-26T13:06:07Z,2026-09-26T13:06:07Z
MIN @ TB,f1724dead3eab61546033032fc782375,2026-09-27T20:05:00Z,TB,MIN,betonlineag,42.5,-110,-110,1.5,-116.0,-104.0,2026-09-26T13:05:32Z,2026-09-26T13:05:32Z
MIN @ TB,f1724dead3eab61546033032fc782375,2026-09-27T20:05:00Z,TB,MIN,mybookieag,42.5,-110,-110,1.5,-110.0,-110.0,2026-09-26T13:06:06Z,2026-09-26T13:06:06Z
MIN @ TB,f1724dead3eab61546033032fc782375,2026-09-27T20:05:00Z,TB,MIN,betmgm,42.5,-112,-105,1.5,-110.0,-108.0,2026-09-26T13:04:58Z,2026-09-26T13:04:58Z
MIN @ TB,f1724dead3eab61546033032fc782375,2026-09-27T20:05:00Z,TB,MIN,bovada,42.5,-105,-115,1.0,-105.0,-115.0,2026-09-26T13:05:54Z,2026-09-26T13:05:54Z
MIN @ TB,f1724dead3eab61546033032fc782375,2026-09-27T20:05:00Z,TB,MIN,fanatics,42.5,-110,-110,1.5,-115.0,-105.0,2026-09-26T13:05:32Z,2026-09-26T13:05:32Z
BAL @ DAL,84cfca14efc21363fd605508404cf1ff,2026-09-27T20:25:00Z,DAL,BAL,draftkings,53.5,-108,-112,3.5,-118.0,-102.0,2026-09-26T13:05:14Z,2026-09-26T13:05:14Z
BAL @ DAL,84cfca14efc21363fd605508404cf1ff,2026-09-27T20:25:00Z,DAL,BAL,williamhill_us,53.5,-107,-113,3.5,-114.0,-106.0,2026-09-26T13:04:57Z,2026-09-26T13:04:57Z
BAL @ DAL,84cfca14efc21363fd605508404cf1ff,2026-09-27T20:25:00Z,DAL,BAL,fanduel,52.5,-118,-104,3.5,-118.0,-104.0,2026-09-26T13:06:06Z,2026-09-26T13:06:06Z
BAL @ DAL,84cfca14efc21363fd605508404cf1ff,2026-09-27T20:25:00Z,DAL,BAL,betmgm,53.5,-108,-110,3.5,-118.0,-102.0,2026-09-26T13:04:58Z,2026-09-26T13:04:58Z
BAL @ DAL,84cfca14efc21363fd605508404cf1ff,2026-09-27T20:25:00Z,DAL,BAL,bovada,53.5,-110,-110,3.5,-120.0,100.0,2026-09-26T13:05:54Z,2026-09-26T13:05:54Z
BAL @ DAL,84cfca14efc21363fd605508404cf1ff,2026-09-27T20:25:00Z,DAL,BAL,betrivers,53.0,-110,-110,3.5,-117.0,-105.0,2026-09-26T13:05:17Z,2026-09-26T13:05:17Z
BAL @ DAL,84cfca14efc21363fd605508404cf1ff,2026-09-27T20:25:00Z,DAL,BAL,fanatics,53.5,-110,-110,3.5,-115.0,-105.0,2026-09-26T13:05:32Z,2026-09-26T13:05:32Z
BAL @ DAL,84cfca14efc21363fd605508404cf1ff,2026-09-27T20:25:00Z,DAL,BAL,betus,53.5,-110,-110,3.5,-120.0,100.0,2026-09-26T13:05:16Z,2026-09-26T13:05:16Z
BAL @ DAL,84cfca14efc21363fd605508404cf1ff,2026-09-27T20:25:00Z,DAL,BAL,mybookieag,53.5,-110,-110,3.0,100.0,-120.0,2026-09-26T13:06:06Z,2026-09-26T13:06:06Z
BAL @ DAL,84cfca14efc21363fd605508404cf1ff,2026-09-27T20:25:00Z,DAL,BAL,lowvig,53.5,-107,-107,3.5,-115.0,104.0,2026-09-26T13:06:07Z,2026-09-26T13:06:07Z
BAL @ DAL,84cfca14efc21363fd605508404cf1ff,2026-09-27T20:25:00Z,DAL,BAL,betonlineag,53.5,-110,-110,3.0,103.0,-123.0,2026-09-26T13:05:32Z,2026-09-26T13:05:32Z
LV @ NO,2e523fcb0497aa689473e290eb2b97de,2026-09-27T20:25:00Z,NO,LV,draftkings,43.5,-118,-102,-3.0,-122.0,102.0,2026-09-26T13:05:14Z,2026-09-26T13:05:14Z
LV @ NO,2e523fcb0497aa689473e290eb2b97de,2026-09-27T20:25:00Z,NO,LV,williamhill_us,43.5,-112,-108,-3.0,-118.0,-102.0,2026-09-26T13:04:57Z,2026-09-26T13:04:57Z
LV @ NO,2e523fcb0497aa689473e290eb2b97de,2026-09-27T20:25:00Z,NO,LV,betus,43.5,-115,-105,-3.0,-120.0,100.0,2026-09-26T13:05:16Z,2026-09-26T13:05:16Z
LV @ NO,2e523fcb0497aa689473e290eb2b97de,2026-09-27T20:25:00Z,NO,LV,fanduel,43.5,-112,-108,-3.0,-120.0,-102.0,2026-09-26T13:06:06Z,2026-09-26T13:06:06Z
LV @ NO,2e523fcb0497aa689473e290eb2b97de,2026-09-27T20:25:00Z,NO,LV,betrivers,43.5,-114,-107,-3.0,-117.0,-105.0,2026-09-26T13:05:17Z,2026-09-26T13:05:17Z
LV @ NO,2e523fcb0497aa689473e290eb2b97de,2026-09-27T20:25:00Z,NO,LV,lowvig,43.5,-113,-102,-3.5,107.0,-118.0,2026-09-26T13:06:07Z,2026-09-26T13:06:07Z
LV @ NO,2e523fcb0497aa689473e290eb2b97de,2026-09-27T20:25:00Z,NO,LV,betonlineag,43.5,-115,-105,-3.0,-120.0,100.0,2026-09-26T13:05:32Z,2026-09-26T13:05:32Z
LV @ NO,2e523fcb0497aa689473e290eb2b97de,2026-09-27T20:25:00Z,NO,LV,mybookieag,44.0,-110,-110,-3.0,-120.0,100.0,2026-09-26T13:06:06Z,2026-09-26T13:06:06Z
LV @ NO,2e523fcb0497aa689473e290eb2b97de,2026-09-27T20:25:00Z,NO,LV,betmgm,44.0,-110,-120,-3.0,-118.0,-102.0,2026-09-26T13:04:58Z,2026-09-26T13:04:58Z
LV @ NO,2e523fcb0497aa689473e290eb2b97de,2026-09-27T20:25:00Z,NO,LV,bovada,43.5,-110,-110,-3.0,-120.0,100.0,2026-09-26T13:05:54Z,2026-09-26T13:05:54Z
LV @ NO,2e523fcb0497aa689473e290eb2b97de,2026-09-27T20:25:00Z,NO,LV,fanatics,43.5,-110,-110,-3.5,100.0,-120.0,2026-09-26T13:05:32Z,2026-09-26T13:05:32Z
LA @ DEN,3bfd8bfb4b8e9a365a0877879b73b16b,2026-09-28T00:20:00Z,DEN,LA,draftkings,44.5,-102,-118,2.5,-115.0,-105.0,2026-09-26T13:05:14Z,2026-09-26T13:05:14Z
LA @ DEN,3bfd8bfb4b8e9a365a0877879b73b16b,2026-09-28T00:20:00Z,DEN,LA,betus,44.0,-110,-110,2.0,-105.0,-115.0,2026-09-26T13:05:16Z,2026-09-26T13:05:16Z
LA @ DEN,3bfd8bfb4b8e9a365a0877879b73b16b,2026-09-28T00:20:00Z,DEN,LA,williamhill_us,44.0,-112,-108,2.5,-114.0,-106.0,2026-09-26T13:04:57Z,2026-09-26T13:04:57Z
LA @ DEN,3bfd8bfb4b8e9a365a0877879b73b16b,2026-09-28T00:20:00Z,DEN,LA,fanduel,44.5,-105,-115,2.5,-118.0,-104.0,2026-09-26T13:06:07Z,2026-09-26T13:06:07Z
LA @ DEN,3bfd8bfb4b8e9a365a0877879b73b16b,2026-09-28T00:20:00Z,DEN,LA,betrivers,44.0,-114,-107,2.0,-112.0,-109.0,2026-09-26T13:05:17Z,2026-09-26T13:05:17Z
LA @ DEN,3bfd8bfb4b8e9a365a0877879b73b16b,2026-09-28T00:20:00Z,DEN,LA,lowvig,43.5,-113,-102,2.0,-104.0,-106.0,2026-09-26T13:06:07Z,2026-09-26T13:06:07Z
LA @ DEN,3bfd8bfb4b8e9a365a0877879b73b16b,2026-09-28T00:20:00Z,DEN,LA,betonlineag,43.5,-115,-105,2.0,-107.0,-113.0,2026-09-26T13:05:32Z,2026-09-26T13:05:32Z
LA @ DEN,3bfd8bfb4b8e9a365a0877879b73b16b,2026-09-28T00:20:00Z,DEN,LA,mybookieag,44.0,-110,-110,2.5,-110.0,-110.0,2026-09-26T13:06:06Z,2026-09-26T13:06:06Z
LA @ DEN,3bfd8bfb4b8e9a365a0877879b73b16b,2026-09-28T00:20:00Z,DEN,LA,betmgm,44.0,-108,-110,2.0,-108.0,-110.0,2026-09-26T13:04:58Z,2026-09-26T13:04:58Z
LA @ DEN,3bfd8bfb4b8e9a365a0877879b73b16b,2026-09-28T00:20:00Z,DEN,LA,bovada,44.0,-110,-110,2.0,-105.0,-115.0,2026-09-26T13:05:54Z,2026-09-26T13:05:54Z
LA @ DEN,3bfd8bfb4b8e9a365a0877879b73b16b,2026-09-28T00:20:00Z,DEN,LA,fanatics,44.0,-110,-110,2.5,-115.0,-105.0,2026-09-26T13:05:32Z,2026-09-26T13:05:32Z
PHI @ CHI,47dc7baa254659f3beb2ed2b38c207b6,2026-09-29T00:15:00Z,CHI,PHI,draftkings,41.5,-105,-115,4.5,102.0,-122.0,2026-09-26T13:05:14Z,2026-09-26T13:05:14Z
PHI @ CHI,47dc7baa254659f3beb2ed2b38c207b6,2026-09-29T00:15:00Z,CHI,PHI,williamhill_us,41.5,-107,-114,4.5,-106.0,-113.0,2026-09-26T13:04:57Z,2026-09-26T13:04:57Z
PHI @ CHI,47dc7baa254659f3beb2ed2b38c207b6,2026-09-29T00:15:00Z,CHI,PHI,fanduel,41.5,-108,-112,4.5,-105.0,-115.0,2026-09-26T13:06:07Z,2026-09-26T13:06:07Z
PHI @ CHI,47dc7baa254659f3beb2ed2b38c207b6,2026-09-29T00:15:00Z,CHI,PHI,betrivers,41.0,-113,-108,5.5,-110.0,-110.0,2026-09-26T13:05:17Z,2026-09-26T13:05:17Z
PHI @ CHI,47dc7baa254659f3beb2ed2b38c207b6,2026-09-29T00:15:00Z,CHI,PHI,betus,41.0,-110,-110,5.0,-110.0,-110.0,2026-09-26T13:05:16Z,2026-09-26T13:05:16Z
PHI @ CHI,47dc7baa254659f3beb2ed2b38c207b6,2026-09-29T00:15:00Z,CHI,PHI,lowvig,41.0,-107,-107,5.0,-112.0,101.0,2026-09-26T13:06:07Z,2026-09-26T13:06:07Z
PHI @ CHI,47dc7baa254659f3beb2ed2b38c207b6,2026-09-29T00:15:00Z,CHI,PHI,betonlineag,41.0,-110,-110,5.0,-110.0,-110.0,2026-09-26T13:05:32Z,2026-09-26T13:05:32Z
PHI @ CHI,47dc7baa254659f3beb2ed2b38c207b6,2026-09-29T00:15:00Z,CHI,PHI,mybookieag,41.0,-110,-110,5.0,-110.0,-110.0,2026-09-26T13:06:06Z,2026-09-26T13:06:06Z
PHI @ CHI,47dc7baa254659f3beb2ed2b38c207b6,2026-09-29T00:15:00Z,CHI,PHI,betmgm,41.5,-110,-120,5.0,-110.0,-108.0,2026-09-26T13:04:58Z,2026-09-26T13:04:58Z
PHI @ CHI,47dc7baa254659f3beb2ed2b38c207b6,2026-09-29T00:15:00Z,CHI,PHI,bovada,41.0,-115,-105,4.5,-110.0,-110.0,2026-09-26T13:05:54Z,2026-09-26T13:05:54Z
PHI @ CHI,47dc7baa254659f3beb2ed2b38c207b6,2026-09-29T00:15:00Z,CHI,PHI,fanatics,41.5,-105,-115,4.5,-110.0,-110.0,2026-09-26T13:05:32Z,2026-09-26T13:05:32Z
PIT @ CLE,d55cb69fed50a09170560b5b75d8de86,2026-10-02T00:15:00Z,CLE,PIT,draftkings,38.5,-110,-110,3.0,-120.0,100.0,2026-09-26T13:05:14Z,2026-09-26T13:05:14Z
PIT @ CLE,d55cb69fed50a09170560b5b75d8de86,2026-10-02T00:15:00Z,CLE,PIT,williamhill_us,37.5,-113,-107,2.5,-108.0,-112.0,2026-09-26T13:04:57Z,2026-09-26T13:04:57Z
PIT @ CLE,d55cb69fed50a09170560b5b75d8de86,2026-10-02T00:15:00Z,CLE,PIT,betus,37.5,-110,-110,1.5,-105.0,-115.0,2026-09-26T13:05:16Z,2026-09-26T13:05:16Z
PIT @ CLE,d55cb69fed50a09170560b5b75d8de86,2026-10-02T00:15:00Z,CLE,PIT,fanduel,37.5,-105,-115,2.5,-110.0,-110.0,2026-09-26T13:06:07Z,2026-09-26T13:06:07Z
PIT @ CLE,d55cb69fed50a09170560b5b75d8de86,2026-10-02T00:15:00Z,CLE,PIT,mybookieag,37.5,-110,-110,2.5,-110.0,-110.0,2026-09-26T13:06:06Z,2026-09-26T13:06:06Z
PIT @ CLE,d55cb69fed50a09170560b5b75d8de86,2026-10-02T00:15:00Z,CLE,PIT,betonlineag,37.5,-110,-110,1.5,-105.0,-115.0,2026-09-26T13:05:32Z,2026-09-26T13:05:32Z
PIT @ CLE,d55cb69fed50a09170560b5b75d8de86,2026-10-02T00:15:00Z,CLE,PIT,lowvig,37.5,-107,-107,1.5,100.0,-110.0,2026-09-26T13:06:07Z,2026-09-26T13:06:07Z
PIT @ CLE,d55cb69fed50a09170560b5b75d8de86,2026-10-02T00:15:00Z,CLE,PIT,betrivers,38.0,-108,-113,2.5,-105.0,-117.0,2026-09-26T13:05:17Z,2026-09-26T13:05:17Z
IND @ WAS,c9d8ed8aa4889486eaf10a630138ede0,2026-10-04T13:30:00Z,WAS,IND,draftkings,46.5,-110,-110,4.5,-110.0,-110.0,2026-09-26T13:05:14Z,2026-09-26T13:05:14Z
IND @ WAS,c9d8ed8aa4889486eaf10a630138ede0,2026-10-04T13:30:00Z,WAS,IND,williamhill_us,46.5,-104,-117,4.5,-106.0,-114.0,2026-09-26T13:04:57Z,2026-09-26T13:04:57Z
IND @ WAS,c9d8ed8aa4889486eaf10a630138ede0,2026-10-04T13:30:00Z,WAS,IND,fanduel,46.5,-104,-118,4.5,-105.0,-115.0,2026-09-26T13:06:06Z,2026-09-26T13:06:06Z
IND @ WAS,c9d8ed8aa4889486eaf10a630138ede0,2026-10-04T13:30:00Z,WAS,IND,betus,45.5,-110,-110,4.5,-110.0,-110.0,2026-09-26T13:05:16Z,2026-09-26T13:05:16Z
IND @ WAS,c9d8ed8aa4889486eaf10a630138ede0,2026-10-04T13:30:00Z,WAS,IND,mybookieag,46.0,-110,-110,4.5,-110.0,-110.0,2026-09-26T13:06:06Z,2026-09-26T13:06:06Z
IND @ WAS,c9d8ed8aa4889486eaf10a630138ede0,2026-10-04T13:30:00Z,WAS,IND,lowvig,46.0,-107,-107,4.0,-110.0,100.0,2026-09-26T13:06:07Z,2026-09-26T13:06:07Z
IND @ WAS,c9d8ed8aa4889486eaf10a630138ede0,2026-10-04T13:30:00Z,WAS,IND,betonlineag,46.0,-110,-110,4.0,-115.0,-105.0,2026-09-26T13:05:32Z,2026-09-26T13:05:32Z
IND @ WAS,c9d8ed8aa4889486eaf10a630138ede0,2026-10-04T13:30:00Z,WAS,IND,betrivers,46.0,-113,-108,4.5,-108.0,-113.0,2026-09-26T13:05:17Z,2026-09-26T13:05:17Z
ARI @ NYG,664e6bda5721dc63be16bcf7d962a436,2026-10-04T17:00:00Z,NYG,ARI,draftkings,43.5,-110,-110,-2.5,-110.0,-110.0,2026-09-26T13:05:14Z,2026-09-26T13:05:14Z
ARI @ NYG,664e6bda5721dc63be16bcf7d962a436,2026-10-04T17:00:00Z,NYG,ARI,williamhill_us,43.5,-110,-110,-2.5,-110.0,-110.0,2026-09-26T13:04:58Z,2026-09-26T13:04:58Z
ARI @ NYG,664e6bda5721dc63be16bcf7d962a436,2026-10-04T17:00:00Z,NYG,ARI,betus,44.0,-110,-110,-1.5,-110.0,-110.0,2026-09-26T13:05:16Z,2026-09-26T13:05:16Z
ARI @ NYG,664e6bda5721dc63be16bcf7d962a436,2026-10-04T17:00:00Z,NYG,ARI,fanduel,43.5,-115,-105,-2.5,-110.0,-110.0,2026-09-26T13:06:07Z,2026-09-26T13:06:07Z
ARI @ NYG,664e6bda5721dc63be16bcf7d962a436,2026-10-04T17:00:00Z,NYG,ARI,betrivers,43.5,-112,-109,-2.5,-117.0,-105.0,2026-09-26T13:05:17Z,2026-09-26T13:05:17Z
ARI @ NYG,664e6bda5721dc63be16bcf7d962a436,2026-10-04T17:00:00Z,NYG,ARI,mybookieag,43.5,-110,-110,-2.5,-110.0,-110.0,2026-09-26T13:06:06Z,2026-09-26T13:06:06Z
TEN @ BAL,f01589b0e7e6dd4f4ac1220a1db81f53,2026-10-04T17:00:00Z,BAL,TEN,draftkings,44.5,-110,-110,-10.5,-110.0,-110.0,2026-09-26T13:05:14Z,2026-09-26T13:05:14Z
TEN @ BAL,f01589b0e7e6dd4f4ac1220a1db81f53,2026-10-04T17:00:00Z,BAL,TEN,williamhill_us,44.5,-114,-106,-10.5,-110.0,-110.0,2026-09-26T13:04:58Z,2026-09-26T13:04:58Z
TEN @ BAL,f01589b0e7e6dd4f4ac1220a1db81f53,2026-10-04T17:00:00Z,BAL,TEN,betus,45.0,-110,-110,-10.5,-110.0,-110.0,2026-09-26T13:05:16Z,2026-09-26T13:05:16Z
TEN @ BAL,f01589b0e7e6dd4f4ac1220a1db81f53,2026-10-04T17:00:00Z,BAL,TEN,fanduel,44.5,-118,-104,-10.5,-110.0,-110.0,2026-09-26T13:06:07Z,2026-09-26T13:06:07Z
TEN @ BAL,f01589b0e7e6dd4f4ac1220a1db81f53,2026-10-04T17:00:00Z,BAL,TEN,betonlineag,45.0,-110,-110,-10.5,-110.0,-110.0,2026-09-26T13:05:32Z,2026-09-26T13:05:32Z
TEN @ BAL,f01589b0e7e6dd4f4ac1220a1db81f53,2026-10-04T17:00:00Z,BAL,TEN,lowvig,45.0,-107,-107,-10.5,-105.0,-105.0,2026-09-26T13:06:08Z,2026-09-26T13:06:08Z
TEN @ BAL,f01589b0e7e6dd4f4ac1220a1db81f53,2026-10-04T17:00:00Z,BAL,TEN,betrivers,44.5,-110,-110,-10.0,-114.0,-107.0,2026-09-26T13:05:17Z,2026-09-26T13:05:17Z
TEN @ BAL,f01589b0e7e6dd4f4ac1220a1db81f53,2026-10-04T17:00:00Z,BAL,TEN,mybookieag,45.0,-110,-110,-10.5,-110.0,-110.0,2026-09-26T13:06:06Z,2026-09-26T13:06:06Z
NE @ BUF,573cc0ef39631a4f6673ec843a8bedd4,2026-10-04T17:00:00Z,BUF,NE,draftkings,49.5,-110,-110,-5.5,-110.0,-110.0,2026-09-26T13:05:14Z,2026-09-26T13:05:14Z
NE @ BUF,573cc0ef39631a4f6673ec843a8bedd4,2026-10-04T17:00:00Z,BUF,NE,williamhill_us,49.5,-115,-105,-5.5,-110.0,-110.0,2026-09-26T13:04:57Z,2026-09-26T13:04:57Z
NE @ BUF,573cc0ef39631a4f6673ec843a8bedd4,2026-10-04T17:00:00Z,BUF,NE,fanduel,50.5,-104,-118,-5.5,-115.0,-105.0,2026-09-26T13:06:07Z,2026-09-26T13:06:07Z
NE @ BUF,573cc0ef39631a4f6673ec843a8bedd4,2026-10-04T17:00:00Z,BUF,NE,betus,50.5,-110,-110,-5.5,-110.0,-110.0,2026-09-26T13:05:16Z,2026-09-26T13:05:16Z
NE @ BUF,573cc0ef39631a4f6673ec843a8bedd4,2026-10-04T17:00:00Z,BUF,NE,lowvig,50.0,-107,-107,-5.5,100.0,-110.0,2026-09-26T13:06:07Z,2026-09-26T13:06:07Z
NE @ BUF,573cc0ef39631a4f6673ec843a8bedd4,2026-10-04T17:00:00Z,BUF,NE,betonlineag,50.0,-110,-110,-5.5,-105.0,-115.0,2026-09-26T13:05:32Z,2026-09-26T13:05:32Z
NE @ BUF,573cc0ef39631a4f6673ec843a8bedd4,2026-10-04T17:00:00Z,BUF,NE,betrivers,49.5,-113,-108,-5.5,-112.0,-109.0,2026-09-26T13:05:17Z,2026-09-26T13:05:17Z
NE @ BUF,573cc0ef39631a4f6673ec843a8bedd4,2026-10-04T17:00:00Z,BUF,NE,mybookieag,50.0,-110,-110,-5.5,-110.0,-110.0,2026-09-26T13:06:06Z,2026-09-26T13:06:06Z
NYJ @ CHI,164e6eb68f31bac190381903c3cccd31,2026-10-04T17:00:00Z,CHI,NYJ,draftkings,43.5,-110,-110,-3.0,-110.0,-110.0,2026-09-26T13:05:14Z,2026-09-26T13:05:14Z
NYJ @ CHI,164e6eb68f31bac190381903c3cccd31,2026-10-04T17:00:00Z,CHI,NYJ,williamhill_us,43.5,-106,-114,-3.0,-109.0,-109.0,2026-09-26T13:04:58Z,2026-09-26T13:04:58Z
NYJ @ CHI,164e6eb68f31bac190381903c3cccd31,2026-10-04T17:00:00Z,CHI,NYJ,fanduel,43.5,-105,-115,-3.5,-110.0,-110.0,2026-09-26T13:06:07Z,2026-09-26T13:06:07Z
NYJ @ CHI,164e6eb68f31bac190381903c3cccd31,2026-10-04T17:00:00Z,CHI,NYJ,betus,43.0,-110,-110,-3.0,-110.0,-110.0,2026-09-26T13:05:16Z,2026-09-26T13:05:16Z
NYJ @ CHI,164e6eb68f31bac190381903c3cccd31,2026-10-04T17:00:00Z,CHI,NYJ,lowvig,43.0,-107,-107,-3.0,-105.0,-105.0,2026-09-26T13:06:07Z,2026-09-26T13:06:07Z
NYJ @ CHI,164e6eb68f31bac190381903c3cccd31,2026-10-04T17:00:00Z,CHI,NYJ,betonlineag,43.0,-110,-110,-3.0,-110.0,-110.0,2026-09-26T13:05:32Z,2026-09-26T13:05:32Z
NYJ @ CHI,164e6eb68f31bac190381903c3cccd31,2026-10-04T17:00:00Z,CHI,NYJ,betrivers,43.5,-110,-110,-3.5,-110.0,-110.0,2026-09-26T13:05:17Z,2026-09-26T13:05:17Z
NYJ @ CHI,164e6eb68f31bac190381903c3cccd31,2026-10-04T17:00:00Z,CHI,NYJ,mybookieag,43.5,-110,-110,-3.0,-110.0,-110.0,2026-09-26T13:06:06Z,2026-09-26T13:06:06Z
JAX @ CIN,2ea94ddf20f66432b9024fe2e2eaba5f,2026-10-04T17:00:00Z,CIN,JAX,draftkings,49.5,-110,-110,-3.0,-110.0,-110.0,2026-09-26T13:05:14Z,2026-09-26T13:05:14Z
JAX @ CIN,2ea94ddf20f66432b9024fe2e2eaba5f,2026-10-04T17:00:00Z,CIN,JAX,betus,49.5,-110,-110,-2.5,-125.0,105.0,2026-09-26T13:05:16Z,2026-09-26T13:05:16Z
JAX @ CIN,2ea94ddf20f66432b9024fe2e2eaba5f,2026-10-04T17:00:00Z,CIN,JAX,williamhill_us,50.5,-106,-114,,,,2026-09-26T13:04:57Z,
JAX @ CIN,2ea94ddf20f66432b9024fe2e2eaba5f,2026-10-04T17:00:00Z,CIN,JAX,fanduel,50.5,-118,-104,-2.5,-115.0,-105.0,2026-09-26T13:06:07Z,2026-09-26T13:06:07Z
JAX @ CIN,2ea94ddf20f66432b9024fe2e2eaba5f,2026-10-04T17:00:00Z,CIN,JAX,betonlineag,50.5,-110,-110,-2.5,-125.0,105.0,2026-09-26T13:05:32Z,2026-09-26T13:05:32Z
JAX @ CIN,2ea94ddf20f66432b9024fe2e2eaba5f,2026-10-04T17:00:00Z,CIN,JAX,lowvig,50.5,-107,-107,-2.5,-121.0,110.0,2026-09-26T13:06:07Z,2026-09-26T13:06:07Z
JAX @ CIN,2ea94ddf20f66432b9024fe2e2eaba5f,2026-10-04T17:00:00Z,CIN,JAX,betrivers,50.0,-114,-107,-2.5,-118.0,-104.0,2026-09-26T13:05:17Z,2026-09-26T13:05:17Z
JAX @ CIN,2ea94ddf20f66432b9024fe2e2eaba5f,2026-10-04T17:00:00Z,CIN,JAX,mybookieag,50.5,-110,-110,-3.0,-110.0,-110.0,2026-09-26T13:06:06Z,2026-09-26T13:06:06Z
DAL @ HOU,daf55e2df5341c007fee5a0fc5bbc2d4,2026-10-04T17:00:00Z,HOU,DAL,draftkings,47.5,-110,-110,-3.0,-110.0,-110.0,2026-09-26T13:05:14Z,2026-09-26T13:05:14Z
DAL @ HOU,daf55e2df5341c007fee5a0fc5bbc2d4,2026-10-04T17:00:00Z,HOU,DAL,williamhill_us,47.5,-110,-110,-3.0,-106.0,-114.0,2026-09-26T13:04:58Z,2026-09-26T13:04:58Z
DAL @ HOU,daf55e2df5341c007fee5a0fc5bbc2d4,2026-10-04T17:00:00Z,HOU,DAL,betus,48.0,-110,-110,-3.0,-105.0,-115.0,2026-09-26T13:05:16Z,2026-09-26T13:05:16Z
DAL @ HOU,daf55e2df5341c007fee5a0fc5bbc2d4,2026-10-04T17:00:00Z,HOU,DAL,fanduel,47.5,-105,-115,-2.5,-115.0,-105.0,2026-09-26T13:06:07Z,2026-09-26T13:06:07Z
DAL @ HOU,daf55e2df5341c007fee5a0fc5bbc2d4,2026-10-04T17:00:00Z,HOU,DAL,betonlineag,47.5,-110,-110,-3.0,-105.0,-115.0,2026-09-26T13:05:32Z,2026-09-26T13:05:32Z
DAL @ HOU,daf55e2df5341c007fee5a0fc5bbc2d4,2026-10-04T17:00:00Z,HOU,DAL,lowvig,47.5,-107,-107,-3.0,100.0,-110.0,2026-09-26T13:06:07Z,2026-09-26T13:06:07Z
DAL @ HOU,daf55e2df5341c007fee5a0fc5bbc2d4,2026-10-04T17:00:00Z,HOU,DAL,betrivers,47.5,-112,-109,-2.5,-118.0,-104.0,2026-09-26T13:05:17Z,2026-09-26T13:05:17Z
DAL @ HOU,daf55e2df5341c007fee5a0fc5bbc2d4,2026-10-04T17:00:00Z,HOU,DAL,mybookieag,47.5,-110,-110,-3.0,-110.0,-110.0,2026-09-26T13:06:06Z,2026-09-26T13:06:06Z
LA @ PHI,1b4f2e60ce83fa1d63a5dff83769d27c,2026-10-04T17:00:00Z,PHI,LA,draftkings,45.5,-110,-110,1.5,-105.0,-115.0,2026-09-26T13:05:14Z,2026-09-26T13:05:14Z
LA @ PHI,1b4f2e60ce83fa1d63a5dff83769d27c,2026-10-04T17:00:00Z,PHI,LA,williamhill_us,45.5,-114,-106,,,,2026-09-26T13:04:58Z,
LA @ PHI,1b4f2e60ce83fa1d63a5dff83769d27c,2026-10-04T17:00:00Z,PHI,LA,betus,46.0,-110,-110,2.5,100.0,-120.0,2026-09-26T13:05:16Z,2026-09-26T13:05:16Z
LA @ PHI,1b4f2e60ce83fa1d63a5dff83769d27c,2026-10-04T17:00:00Z,PHI,LA,fanduel,46.5,-104,-118,3.0,-118.0,-104.0,2026-09-26T13:06:07Z,2026-09-26T13:06:07Z
LA @ PHI,1b4f2e60ce83fa1d63a5dff83769d27c,2026-10-04T17:00:00Z,PHI,LA,betonlineag,46.0,-110,-110,2.5,100.0,-120.0,2026-09-26T13:05:32Z,2026-09-26T13:05:32Z
LA @ PHI,1b4f2e60ce83fa1d63a5dff83769d27c,2026-10-04T17:00:00Z,PHI,LA,lowvig,46.0,-107,-107,2.5,105.0,-116.0,2026-09-26T13:06:08Z,2026-09-26T13:06:08Z
LA @ PHI,1b4f2e60ce83fa1d63a5dff83769d27c,2026-10-04T17:00:00Z,PHI,LA,betrivers,46.5,-110,-110,2.5,-108.0,-113.0,2026-09-26T13:05:17Z,2026-09-26T13:05:17Z
LA @ PHI,1b4f2e60ce83fa1d63a5dff83769d27c,2026-10-04T17:00:00Z,PHI,LA,mybookieag,46.0,-110,-110,2.5,-110.0,-110.0,2026-09-26T13:06:06Z,2026-09-26T13:06:06Z
MIA @ MIN,c327223d76a3b7b0db8c6c104442f44b,2026-10-04T20:05:00Z,MIN,MIA,draftkings,42.5,-110,-110,-10.5,-110.0,-110.0,2026-09-26T13:05:14Z,2026-09-26T13:05:14Z
MIA @ MIN,c327223d76a3b7b0db8c6c104442f44b,2026-10-04T20:05:00Z,MIN,MIA,williamhill_us,42.5,-114,-106,-10.5,-105.0,-114.0,2026-09-26T13:04:58Z,2026-09-26T13:04:58Z
MIA @ MIN,c327223d76a3b7b0db8c6c104442f44b,2026-10-04T20:05:00Z,MIN,MIA,betus,42.0,-110,-110,-10.5,-110.0,-110.0,2026-09-26T13:05:16Z,2026-09-26T13:05:16Z
MIA @ MIN,c327223d76a3b7b0db8c6c104442f44b,2026-10-04T20:05:00Z,MIN,MIA,fanduel,43.5,-105,-115,-10.5,-102.0,-120.0,2026-09-26T13:06:07Z,2026-09-26T13:06:07Z
MIA @ MIN,c327223d76a3b7b0db8c6c104442f44b,2026-10-04T20:05:00Z,MIN,MIA,betonlineag,42.5,-110,-110,-10.0,-120.0,100.0,2026-09-26T13:05:32Z,2026-09-26T13:05:32Z
MIA @ MIN,c327223d76a3b7b0db8c6c104442f44b,2026-10-04T20:05:00Z,MIN,MIA,lowvig,42.5,-107,-107,-10.0,-116.0,105.0,2026-09-26T13:06:08Z,2026-09-26T13:06:08Z
MIA @ MIN,c327223d76a3b7b0db8c6c104442f44b,2026-10-04T20:05:00Z,MIN,MIA,betrivers,43.0,-110,-110,-10.5,-108.0,-113.0,2026-09-26T13:05:17Z,2026-09-26T13:05:17Z
MIA @ MIN,c327223d76a3b7b0db8c6c104442f44b,2026-10-04T20:05:00Z,MIN,MIA,mybookieag,42.5,-110,-110,-10.5,-110.0,-110.0,2026-09-26T13:06:06Z,2026-09-26T13:06:06Z
DEN @ SF,a7e7efb75a9792ac63480ae6328dca18,2026-10-04T20:25:00Z,SF,DEN,draftkings,45.5,-110,-110,-3.0,-120.0,100.0,2026-09-26T13:05:14Z,2026-09-26T13:05:14Z
DEN @ SF,a7e7efb75a9792ac63480ae6328dca18,2026-10-04T20:25:00Z,SF,DEN,williamhill_us,45.5,-117,-103,-3.0,-112.0,-108.0,2026-09-26T13:04:58Z,2026-09-26T13:04:58Z
DEN @ SF,a7e7efb75a9792ac63480ae6328dca18,2026-10-04T20:25:00Z,SF,DEN,betus,46.0,-110,-110,-3.0,100.0,-120.0,2026-09-26T13:05:16Z,2026-09-26T13:05:16Z
DEN @ SF,a7e7efb75a9792ac63480ae6328dca18,2026-10-04T20:25:00Z,SF,DEN,fanduel,46.5,-110,-110,-3.0,-102.0,-120.0,2026-09-26T13:06:07Z,2026-09-26T13:06:07Z
DEN @ SF,a7e7efb75a9792ac63480ae6328dca18,2026-10-04T20:25:00Z,SF,DEN,betonlineag,46.0,-110,-110,-3.0,100.0,-120.0,2026-09-26T13:05:32Z,2026-09-26T13:05:32Z
DEN @ SF,a7e7efb75a9792ac63480ae6328dca18,2026-10-04T20:25:00Z,SF,DEN,lowvig,46.0,-107,-107,-3.0,100.0,-110.0,2026-09-26T13:06:08Z,2026-09-26T13:06:08Z
DEN @ SF,a7e7efb75a9792ac63480ae6328dca18,2026-10-04T20:25:00Z,SF,DEN,betrivers,46.0,-109,-112,-3.0,-110.0,-110.0,2026-09-26T13:05:17Z,2026-09-26T13:05:17Z
DEN @ SF,a7e7efb75a9792ac63480ae6328dca18,2026-10-04T20:25:00Z,SF,DEN,mybookieag,46.0,-110,-110,-3.0,-110.0,-110.0,2026-09-26T13:06:06Z,2026-09-26T13:06:06Z
KC @ LV,e0cbd266dcf997089203a1b33ba0333d,2026-10-04T20:25:00Z,LV,KC,draftkings,45.5,-110,-110,6.0,-110.0,-110.0,2026-09-26T13:05:14Z,2026-09-26T13:05:14Z
KC @ LV,e0cbd266dcf997089203a1b33ba0333d,2026-10-04T20:25:00Z,LV,KC,williamhill_us,45.5,-114,-106,5.5,-110.0,-110.0,2026-09-26T13:04:58Z,2026-09-26T13:04:58Z
KC @ LV,e0cbd266dcf997089203a1b33ba0333d,2026-10-04T20:25:00Z,LV,KC,betus,46.0,-110,-110,5.5,-110.0,-110.0,2026-09-26T13:05:16Z,2026-09-26T13:05:16Z
KC @ LV,e0cbd266dcf997089203a1b33ba0333d,2026-10-04T20:25:00Z,LV,KC,fanduel,45.5,-118,-104,5.5,-115.0,-105.0,2026-09-26T13:06:07Z,2026-09-26T13:06:07Z
KC @ LV,e0cbd266dcf997089203a1b33ba0333d,2026-10-04T20:25:00Z,LV,KC,lowvig,45.5,-107,-107,5.5,-105.0,-105.0,2026-09-26T13:06:08Z,2026-09-26T13:06:08Z
KC @ LV,e0cbd266dcf997089203a1b33ba0333d,2026-10-04T20:25:00Z,LV,KC,betonlineag,45.5,-110,-110,5.5,-110.0,-110.0,2026-09-26T13:05:32Z,2026-09-26T13:05:32Z
KC @ LV,e0cbd266dcf997089203a1b33ba0333d,2026-10-04T20:25:00Z,LV,KC,betrivers,45.5,-109,-112,5.5,-107.0,-114.0,2026-09-26T13:05:17Z,2026-09-26T13:05:17Z
KC @ LV,e0cbd266dcf997089203a1b33ba0333d,2026-10-04T20:25:00Z,LV,KC,mybookieag,45.5,-110,-110,5.5,-110.0,-110.0,2026-09-26T13:06:06Z,2026-09-26T13:06:06Z
LAC @ SEA,96d2373cda647873b971f268482bced0,2026-10-04T20:25:00Z,SEA,LAC,draftkings,42.5,-110,-110,-6.5,-110.0,-110.0,2026-09-26T13:05:14Z,2026-09-26T13:05:14Z
LAC @ SEA,96d2373cda647873b971f268482bced0,2026-10-04T20:25:00Z,SEA,LAC,williamhill_us,43.5,-105,-115,-6.5,-110.0,-110.0,2026-09-26T13:04:58Z,2026-09-26T13:04:58Z
LAC @ SEA,96d2373cda647873b971f268482bced0,2026-10-04T20:25:00Z,SEA,LAC,betus,43.5,-110,-110,-7.0,-110.0,-110.0,2026-09-26T13:05:16Z,2026-09-26T13:05:16Z
LAC @ SEA,96d2373cda647873b971f268482bced0,2026-10-04T20:25:00Z,SEA,LAC,fanduel,43.5,-115,-105,-7.0,-105.0,-115.0,2026-09-26T13:06:07Z,2026-09-26T13:06:07Z
LAC @ SEA,96d2373cda647873b971f268482bced0,2026-10-04T20:25:00Z,SEA,LAC,betonlineag,43.5,-110,-110,-6.5,-115.0,-105.0,2026-09-26T13:05:32Z,2026-09-26T13:05:32Z
LAC @ SEA,96d2373cda647873b971f268482bced0,2026-10-04T20:25:00Z,SEA,LAC,lowvig,43.5,-107,-107,-6.5,-110.0,100.0,2026-09-26T13:06:08Z,2026-09-26T13:06:08Z
LAC @ SEA,96d2373cda647873b971f268482bced0,2026-10-04T20:25:00Z,SEA,LAC,betrivers,43.0,-110,-110,-6.5,-115.0,-106.0,2026-09-26T13:05:17Z,2026-09-26T13:05:17Z
LAC @ SEA,96d2373cda647873b971f268482bced0,2026-10-04T20:25:00Z,SEA,LAC,mybookieag,43.0,-110,-110,-6.5,-110.0,-110.0,2026-09-26T13:06:06Z,2026-09-26T13:06:06Z
DET @ CAR,a73a76599a4f3422803e57bd8f61b626,2026-10-05T00:20:00Z,CAR,DET,draftkings,49.5,-110,-110,3.0,-120.0,100.0,2026-09-26T13:05:14Z,2026-09-26T13:05:14Z
DET @ CAR,a73a76599a4f3422803e57bd8f61b626,2026-10-05T00:20:00Z,CAR,DET,williamhill_us,49.5,-110,-110,2.5,-103.0,-117.0,2026-09-26T13:04:58Z,2026-09-26T13:04:58Z
DET @ CAR,a73a76599a4f3422803e57bd8f61b626,2026-10-05T00:20:00Z,CAR,DET,fanduel,49.5,-110,-110,2.5,-110.0,-110.0,2026-09-26T13:06:07Z,2026-09-26T13:06:07Z
DET @ CAR,a73a76599a4f3422803e57bd8f61b626,2026-10-05T00:20:00Z,CAR,DET,betus,49.5,-110,-110,2.5,-105.0,-115.0,2026-09-26T13:05:16Z,2026-09-26T13:05:16Z
DET @ CAR,a73a76599a4f3422803e57bd8f61b626,2026-10-05T00:20:00Z,CAR,DET,lowvig,49.5,-107,-107,2.5,102.0,-113.0,2026-09-26T13:06:08Z,2026-09-26T13:06:08Z
DET @ CAR,a73a76599a4f3422803e57bd8f61b626,2026-10-05T00:20:00Z,CAR,DET,betonlineag,49.5,-110,-110,2.5,-103.0,-117.0,2026-09-26T13:05:32Z,2026-09-26T13:05:32Z
DET @ CAR,a73a76599a4f3422803e57bd8f61b626,2026-10-05T00:20:00Z,CAR,DET,betrivers,49.5,-110,-110,3.0,-114.0,-107.0,2026-09-26T13:05:17Z,2026-09-26T13:05:17Z
DET @ CAR,a73a76599a4f3422803e57bd8f61b626,2026-10-05T00:20:00Z,CAR,DET,bovada,49.5,-110,-110,3.0,-120.0,100.0,2026-09-26T13:05:54Z,2026-09-26T13:05:54Z
DET @ CAR,a73a76599a4f3422803e57bd8f61b626,2026-10-05T00:20:00Z,CAR,DET,mybookieag,49.5,-110,-110,2.5,-110.0,-110.0,2026-09-26T13:06:06Z,2026-09-26T13:06:06Z
